,iql_2p_801,iql_2p_12,iql_2p_420,iql_2p_514,iql_2p_5,iql_2p_616,iql_2p_280,iql_2p_510,iql_2p_292,iql_2p_106,iql_2p_800,iql_2p_802,iql_2p_204,iql_2p_310,vdn_2p_726,iql_2p_492,iql_2p_3,vdn_2p_730,iql_2p_803,iql_2p_432,iql_2p_212,iql_2p_101,iql_2p_804,iql_2p_210,iql_2p_700,iql_2p_10,vdn_2p_724,vdn_2p_727,iql_2p_7,iql_2p_614,iql_2p_9,vdn_2p_720,iql_2p_602,iql_2p_232,iql_2p_224,vdn_2p_725,iql_2p_604,iql_2p_112,iql_2p_220,iql_2p_11,iql_2p_111,iql_2p_706,iql_2p_102,iql_2p_214,iql_2p_107,iql_2p_428,iql_2p_208,iql_2p_710,iql_2p_288,iql_2p_6,iql_2p_110,vdn_2p_721,iql_2p_2,iql_2p_8,iql_2p_105,iql_2p_4,iql_2p_113,iql_2p_518,iql_2p_314,iql_2p_805,iql_2p_606,vdn_2p_729,iql_2p_612,iql_2p_608,iql_2p_610,iql_2p_228,iql_2p_488,iql_2p_284,iql_2p_484,iql_2p_200,vdn_2p_728,iql_2p_618,vdn_2p_722,iql_2p_424,iql_2p_480,iql_2p_600,vdn_2p_723,iql_2p_206,iql_2p_318,iql_2p_202,iql_2p_1
iql_2p_801,24.007,17.6664,2.4306,19.0834,14.4726,18.7024,18.5594,16.4712,20.5534,19.8366,21.9232,23.2446,1.3708,15.4296,10.5026,10.1904,5.0612,14.528,22.2682,20.9124,17.236,18.7336,19.0954,11.0602,18.91,20.4884,6.9118,20.7128,19.7912,20.0,18.1082,14.0906,19.3356,16.6488,19.403,3.4044,17.8444,19.2666,16.295,10.5572,16.3382,19.068,19.1312,19.318,18.7854,18.8042,15.1518,16.8222,16.7216,16.0996,15.3728,3.0146,18.2814,20.2232,18.5724,5.2844,13.5682,19.8684,15.5244,21.3328,14.7286,16.9748,20.355,17.5002,6.8138,1.5248,17.1084,16.7598,19.098,17.5602,16.3256,19.8294,16.7586,19.4442,13.2354,11.0332,17.69,20.575,17.7226,19.8528,18.8356
iql_2p_12,17.8384,23.7816,2.8632,16.4064,10.8134,20.6438,20.3322,19.6224,15.0924,19.3348,20.0756,20.0932,2.3656,18.8892,14.7818,5.6218,4.1058,17.3292,19.1608,18.8022,20.9602,19.4828,18.2876,13.2058,20.9344,20.018,8.6086,16.5684,14.7932,17.4656,19.1186,10.483,14.6678,18.4254,18.7196,3.2552,18.8822,17.5096,20.069,12.9168,21.0744,16.093,18.3896,21.2548,18.4816,20.6628,13.4484,13.687,20.2248,15.302,10.5118,0.9474,20.315,17.7202,18.6802,6.005,9.6402,17.29,20.1312,20.772,10.1858,16.304,19.0266,18.7606,3.3466,0.688,20.879,20.8752,19.5834,20.4936,17.9458,20.7318,20.379,18.7884,12.555,14.0868,21.4612,18.2278,20.7742,18.456,19.5168
iql_2p_420,2.6656,3.1336,23.1632,3.1142,2.9054,3.44,2.7916,3.101,1.6208,2.8264,3.0306,3.3838,0.6514,2.7968,0.4144,2.688,1.8424,0.8638,2.8688,2.811,2.2124,3.3092,3.4592,2.8036,3.5868,3.3528,1.1754,2.1506,2.7514,2.9018,3.462,1.421,3.9666,2.9506,1.8322,0.7392,3.7278,3.7844,2.9258,1.4802,3.1336,3.51,2.7562,3.4296,3.161,3.1122,3.6294,3.8978,2.8804,4.884,2.759,0.5472,4.0088,3.145,2.7046,2.588,1.9292,3.529,3.216,3.372,2.3172,2.7974,3.4698,3.7284,2.3278,0.413,1.4536,1.4208,2.6578,3.2146,2.8508,3.9694,2.6688,3.6228,3.7812,3.2638,2.2472,3.0758,2.462,2.6836,3.356
iql_2p_514,19.2738,16.4794,2.8192,23.8466,10.7488,16.8486,16.7712,16.2488,17.0166,18.6506,19.4294,19.2686,1.4562,17.0434,9.8174,7.4166,6.2638,15.5798,20.1006,18.3122,16.1372,17.0898,17.3464,9.1672,17.3466,17.4752,11.1534,19.7248,18.6782,20.242,16.4206,13.2104,18.1678,14.357,17.1982,2.8544,17.1852,18.8818,16.3178,9.4402,16.5446,18.9472,19.5314,16.8964,18.3282,14.6828,12.7158,17.6602,15.2846,15.1954,13.4232,1.9156,19.4882,20.319,16.6684,7.3052,11.1196,20.1082,15.7132,19.6364,10.1882,16.046,20.2418,17.4696,7.0984,0.6194,13.1838,15.1416,19.8334,14.6106,14.5102,19.3304,16.3836,18.4674,14.736,12.8936,18.5482,18.7474,12.4978,20.4838,16.7102
iql_2p_5,13.9502,10.4054,2.877,10.7792,23.7976,10.3386,8.146,9.035,9.4998,10.3234,14.6878,13.4354,1.4052,8.2798,5.0622,12.7976,3.1202,8.0346,14.8226,11.5224,9.823,8.4358,12.7654,8.5812,10.2608,9.955,4.7858,10.2132,11.95,11.0254,10.357,7.8326,10.6416,11.0564,11.5394,1.3304,7.9468,9.9436,8.1804,5.8684,9.262,9.8872,10.2764,9.6288,9.7884,9.3568,9.4766,8.9266,9.1728,9.0186,13.9378,3.2684,11.034,11.2388,11.6424,2.798,8.486,9.9078,11.1356,14.727,16.8576,12.7376,10.618,9.264,1.457,0.6054,8.376,8.8582,10.293,10.3342,9.0044,12.0628,9.9036,10.8852,7.2144,5.218,10.064,11.163,8.023,9.8522,11.2942
iql_2p_616,18.9666,20.7634,3.1982,17.1266,10.5388,23.8616,22.1728,19.9944,16.3402,18.6946,19.8868,19.3354,2.967,19.7122,14.1094,4.623,3.8218,20.5632,19.1856,21.375,20.6384,19.2624,18.221,12.046,23.396,22.1572,11.8716,15.111,17.001,20.2956,15.6208,12.39,18.5332,19.324,19.3648,1.933,20.2586,18.6832,20.7356,13.7568,21.6786,19.0794,20.6266,21.7454,18.7276,20.4264,11.236,20.5698,21.6658,13.108,11.8852,0.8654,20.3798,20.2658,20.7024,5.7482,9.4612,20.0658,19.5198,20.217,9.8018,15.1932,21.1536,20.3112,3.8574,0.756,21.1336,19.3858,19.871,20.072,15.4532,22.5106,21.4752,18.7624,12.904,12.6708,21.1258,19.6632,20.207,19.9582,16.7638
iql_2p_280,19.0618,20.2366,2.4384,16.977,8.5522,22.268,23.3774,20.2806,16.9792,19.6214,19.691,19.2766,1.7866,19.9668,18.1,4.3474,4.5924,21.1638,17.9274,21.7202,18.9622,20.3846,17.2982,9.8684,22.1082,22.19,13.2732,16.925,17.227,20.2982,17.0998,14.7256,17.1684,18.7666,19.4866,3.3162,20.8334,19.28,20.9732,11.779,20.7652,18.461,19.7206,21.985,19.5052,20.5238,12.311,17.384,21.7158,14.8916,11.6324,0.8438,20.6944,20.5,19.9504,6.817,9.3176,20.6656,18.5036,19.429,9.9178,15.4546,21.2926,20.126,4.3294,0.3808,20.6864,18.4254,19.7904,19.2994,15.1132,21.6518,21.1314,18.5484,14.2808,11.6782,20.2902,20.5724,19.5774,20.2096,17.2608
iql_2p_510,16.6112,19.4866,2.8268,16.2724,9.1914,19.911,20.1656,23.3824,15.304,17.5816,17.4402,17.9292,1.403,20.1028,13.6242,4.0214,3.5816,18.4772,17.641,18.4918,19.0638,19.0492,18.1084,9.6638,19.7316,19.7232,17.394,15.7772,17.5688,18.458,16.5102,13.2422,16.0598,16.162,18.3614,3.3224,17.8482,19.1244,20.9534,11.3134,18.2036,15.4726,18.2264,20.6974,18.08,18.9176,12.6242,14.8702,18.8752,15.8758,11.385,1.3574,18.9704,18.334,17.3996,5.8646,9.7896,17.5966,20.6414,17.2284,9.1574,16.1844,19.25,20.7576,4.3682,0.2128,19.3608,16.6216,18.4066,18.7928,15.9758,20.8728,17.4426,16.9286,12.9528,6.7124,19.465,17.7748,18.1664,18.6358,18.034
iql_2p_292,20.3142,14.8508,1.2198,17.2742,9.8816,16.1256,16.6006,15.7598,24.015,17.7792,17.381,18.897,0.8526,11.9564,5.9276,6.841,2.894,12.9962,18.952,18.7066,16.3794,18.219,16.7486,5.5744,16.375,18.9326,6.8742,20.6754,20.8212,19.626,15.9492,16.912,21.077,14.5064,17.0814,1.9412,14.1016,18.6946,14.4086,5.73,13.3474,19.5672,17.8102,16.5262,15.677,15.8892,13.8078,17.1324,13.375,12.2226,13.4372,1.3032,13.534,19.6244,15.3972,4.032,10.636,19.5632,13.8976,17.2188,10.8254,14.624,20.6132,16.4848,4.2272,0.5246,10.7804,13.3172,20.0768,14.5496,15.0242,18.1612,14.5126,18.7192,12.8214,8.1238,16.5258,19.5904,13.109,19.2328,17.7106
iql_2p_106,19.9668,19.2244,2.2784,18.5274,10.366,18.5434,19.227,17.8582,17.3492,24.0074,20.2314,20.695,1.0766,16.9232,15.4334,6.4874,5.0716,18.1214,19.3012,19.6264,17.6636,18.2194,18.1614,9.0998,18.8152,18.8944,8.1788,17.7938,16.3258,18.86,18.7254,12.7564,14.2622,17.0436,20.9376,3.5856,19.0748,17.5306,17.6786,10.5484,18.9112,17.123,19.5292,18.5022,20.3338,19.8508,13.1962,13.389,18.5174,15.9596,12.5008,1.3616,19.6454,18.2188,18.7336,7.5236,12.6644,18.4558,16.2634,20.2986,11.8184,16.0286,19.024,18.7242,5.2866,0.5774,18.8502,18.6166,18.8414,17.735,15.6264,20.4712,18.1424,18.2708,13.5772,12.7734,18.1086,20.4398,18.4596,19.165,18.0042
iql_2p_800,22.0864,19.9402,2.4614,19.1912,14.3618,19.5742,19.5152,17.2966,17.2232,20.21,24.0232,22.113,1.5906,17.3998,13.115,10.8206,6.8918,17.8826,22.8722,21.8668,18.8284,18.3758,18.791,13.7468,20.022,19.7078,8.3064,19.3884,18.2914,20.0606,18.275,12.5784,17.3316,17.2166,18.902,3.34,19.8184,19.4054,18.2574,12.6046,18.737,18.7372,19.3242,19.582,19.892,18.8618,13.891,16.3774,17.9144,15.1984,14.433,3.2942,20.2062,20.3456,18.2662,6.289,14.9802,19.238,17.9972,23.3834,15.1528,16.7282,19.996,18.0526,6.9588,1.5654,17.7668,18.6822,19.801,18.5862,15.4794,20.6932,20.1618,19.0202,13.6998,12.6954,19.52,19.5814,17.5244,20.0446,19.068
iql_2p_802,23.2644,19.7348,2.8004,19.0902,13.7144,19.3626,18.7866,17.7028,18.7076,20.4996,22.1326,24.0186,1.3548,16.6722,13.8616,11.246,6.8856,16.1318,22.3768,20.1494,19.5844,19.238,19.0266,13.216,19.477,19.7248,7.6074,19.6808,18.8902,19.088,19.029,12.896,17.7742,18.254,20.0574,4.8378,19.2184,19.693,17.3502,11.6946,17.2844,18.0428,19.5612,19.8854,19.7556,19.4652,15.4358,15.632,18.2734,16.6032,14.5386,3.8362,19.5112,18.9744,18.5786,8.253,16.2858,19.5282,17.4954,21.8738,15.4924,17.5086,19.5866,17.6238,6.8954,1.6796,17.8608,18.155,19.4866,19.067,17.4846,20.3728,18.1096,20.8388,13.8108,13.3436,19.707,19.8536,18.5406,19.8948,19.9876
iql_2p_204,1.5008,2.2684,0.5818,1.5794,1.4194,2.9206,1.8844,1.5514,1.0022,1.3096,1.719,1.4622,24.0208,1.7644,0.1768,1.7406,2.5438,0.8284,1.3322,1.788,1.341,1.9652,2.0158,1.2526,2.9952,2.5414,0.5574,1.3358,1.4156,1.9466,2.6444,0.2198,2.2026,1.758,1.7092,0.4858,3.0546,2.182,2.285,0.6924,1.932,2.9966,2.0088,2.6164,2.2338,2.513,1.456,2.3382,2.0516,2.1014,1.1876,0.24,1.958,2.3554,1.8486,2.1778,1.3106,2.2442,1.5968,1.0166,1.744,1.403,2.2316,2.186,0.6874,0.1894,1.4948,1.1586,2.3198,2.248,1.3548,3.253,1.8178,2.3844,1.7688,2.005,1.5238,1.8596,2.4734,1.7488,1.8432
iql_2p_310,15.994,18.9824,2.4686,17.1364,8.631,19.6542,20.0284,20.1714,12.148,17.0162,17.8448,16.8216,1.6288,23.3486,15.0162,4.3092,3.9874,18.9922,15.6244,18.0284,18.2888,18.6278,17.8194,9.6266,19.7882,18.8538,17.9992,16.6702,16.034,18.7586,14.9286,11.532,13.4394,16.7572,15.6974,3.0664,18.4672,18.3902,21.0688,11.3536,18.4054,16.4564,17.4108,19.2822,17.746,17.329,9.8624,15.4146,19.4992,15.0218,10.6028,0.847,19.6806,18.604,16.701,7.6008,10.3918,17.5016,20.708,16.8532,9.4254,16.0618,18.392,20.5924,4.474,0.1948,16.8984,16.4024,17.138,15.9778,15.0394,19.633,18.4948,16.338,11.6166,7.2686,18.2762,17.0426,16.1422,19.5396,17.1302
vdn_2p_726,11.225,15.6428,0.3592,10.4004,5.2714,14.392,18.6582,14.2116,6.524,17.2746,13.6352,14.0742,0.1924,15.0554,23.7298,3.0946,0.8062,15.8094,10.2462,14.6768,16.864,17.2546,12.2626,6.9782,16.0848,16.5076,4.6366,9.3012,8.9178,13.1258,11.9708,4.0518,8.2894,15.5574,15.0916,5.5328,15.0728,14.894,15.332,10.6724,13.2776,11.9416,14.5912,14.5712,15.5564,17.9084,5.2882,7.5896,18.4336,9.6986,6.8052,0.1914,13.5486,12.0446,15.2446,2.0196,7.8292,12.6988,15.2796,11.5172,7.1322,10.4688,14.4504,15.1342,1.43,0.1144,15.7406,16.4872,13.8344,15.5992,10.0912,15.2586,11.8488,11.3456,6.3748,6.168,12.462,12.0634,16.752,13.711,14.4582
iql_2p_492,9.7314,5.5316,2.3912,7.5698,12.9136,4.684,4.049,3.8916,6.6742,6.7014,10.3624,11.5648,1.5678,4.3282,3.105,23.8606,6.9008,2.852,10.502,5.8122,5.8008,4.5266,8.7928,7.6388,4.6348,5.3534,1.9876,4.4638,4.9182,5.5168,5.429,3.9674,4.211,4.9818,6.3056,0.6354,6.117,6.0608,4.7906,3.6236,4.761,4.144,5.8116,5.0144,5.9366,5.9004,5.2152,3.6416,5.4172,3.754,12.694,6.8102,6.7544,4.9972,4.933,3.2266,4.4144,4.4352,5.173,9.874,18.9652,14.024,5.349,4.2098,2.212,0.4376,4.0464,6.1066,5.3388,5.101,5.0982,5.1858,5.702,6.5872,4.4936,5.7682,4.0512,5.4,4.4774,5.942,5.0578
iql_2p_3,5.2802,4.0584,1.7476,6.0796,3.2814,3.6746,4.6596,3.5034,2.7766,4.578,6.9384,6.648,2.4706,3.862,0.7094,6.9064,23.769,2.1268,5.9044,5.5382,4.1166,3.94,5.8084,3.7076,4.3276,5.4388,1.2448,2.8004,3.078,4.8766,4.0882,1.5718,3.265,2.662,4.1288,0.7014,6.7848,4.9804,4.7298,2.1732,3.164,4.1244,5.184,4.7216,4.9534,3.7338,2.652,3.3418,3.244,3.8144,4.7104,0.6692,6.861,5.2322,4.3754,3.628,2.0204,4.8424,3.7322,6.0176,4.0748,3.9924,5.996,4.961,5.5372,0.1884,2.861,2.8576,5.6232,3.4128,2.8938,4.9528,3.4312,3.9088,4.688,7.724,4.1512,4.577,3.186,5.4426,3.657
vdn_2p_730,15.5174,17.8292,0.7946,15.7952,7.8058,20.3612,21.3312,18.6298,13.7428,19.2586,18.2072,16.1116,0.7914,18.8536,15.6716,3.0576,2.3522,23.7278,14.9702,18.9596,18.2818,19.0906,14.6468,9.5166,21.0978,20.1468,10.9198,16.144,14.4092,17.723,13.3172,9.739,13.998,16.6048,16.7058,3.4048,18.644,16.8752,20.2438,10.0534,18.909,15.7458,18.8388,18.716,16.0496,19.683,8.1994,14.6854,21.1968,12.9074,8.2838,0.1642,17.7792,16.6252,17.1602,5.156,7.7804,17.7556,17.7108,16.7306,8.3814,13.5684,19.142,18.8116,2.542,0.077,18.6078,17.0514,18.1654,17.0724,13.1858,20.1042,18.6144,15.9742,10.7518,10.5242,17.6554,17.1478,18.9138,18.6784,15.5608
iql_2p_803,22.3734,19.1594,2.7048,20.0856,14.9804,18.83,17.7164,17.2184,19.0062,19.3378,22.6868,22.2086,1.1994,15.5424,9.671,10.4018,6.4854,14.2446,23.9836,20.6358,17.283,17.8766,20.0402,11.56,18.5896,19.379,7.2666,20.1192,19.6252,19.8742,18.2004,12.7066,19.0154,17.2502,18.5246,3.9974,17.9134,19.679,16.5364,11.2024,17.7552,18.9836,19.0276,19.1842,18.477,17.6844,15.98,17.0352,16.5416,16.4542,16.0712,4.0252,19.2124,20.4146,17.6162,7.1354,14.1996,19.5754,16.4532,23.1798,14.8866,17.4086,20.3158,17.1318,7.737,1.6922,17.1034,17.1004,19.6742,17.5718,15.9854,19.6624,17.985,19.6826,13.6298,11.9704,19.044,19.5042,17.075,19.6668,19.3026
iql_2p_432,21.114,18.6514,2.7216,18.2298,11.5364,21.319,21.708,18.6364,18.6088,19.7812,22.1496,20.3348,1.5198,18.2624,14.1962,6.0092,5.712,18.8198,20.8916,23.7766,18.9032,18.925,17.3406,10.6332,21.3764,21.7518,11.5422,17.6342,18.1094,20.7906,17.2766,14.4132,18.0186,18.271,18.8964,2.2818,20.1714,18.6636,19.266,11.6314,19.8688,19.919,20.5548,21.2132,19.3446,19.938,12.3168,17.198,18.8794,14.9952,13.6376,1.2424,21.1522,21.9474,20.7662,4.4622,11.4204,20.183,18.2054,21.7196,11.4406,15.8474,21.1902,18.4854,4.6436,0.8176,19.2314,19.7552,20.064,19.2184,14.8158,21.267,20.403,18.812,12.5986,10.7822,19.199,21.3682,18.7502,19.9962,17.8992
iql_2p_212,17.5704,20.9296,2.1058,16.3622,10.0532,20.6816,19.0346,19.228,16.0264,17.8092,19.0302,19.553,1.1486,18.0026,16.5452,6.0466,4.337,17.9812,17.4804,18.7698,24.0662,18.7026,15.5726,13.8932,21.1372,19.7534,9.5816,15.8498,16.416,17.563,19.1616,9.681,16.048,20.6016,19.1234,2.5898,18.3826,19.995,17.4988,12.1472,18.2988,15.5026,19.686,20.6204,17.3134,20.5602,12.334,14.017,21.9522,14.2356,12.7292,1.4534,19.8768,17.436,17.4602,5.7296,11.0178,17.4022,20.0154,19.022,10.376,15.7356,19.3166,17.3132,4.0328,0.4572,19.2238,21.2874,19.7432,21.5546,17.2298,19.846,18.9082,18.3494,12.7434,13.0818,19.3664,16.4586,19.7742,19.1334,20.214
iql_2p_101,18.6866,19.5022,2.926,16.9438,8.3792,19.1306,20.1904,19.195,18.068,18.4996,18.6152,19.579,2.0734,18.3766,16.5686,4.1882,4.0086,18.577,18.1082,18.8796,18.9594,23.7462,17.4504,9.167,19.2246,20.6274,10.891,18.297,19.3972,18.566,17.9142,14.9128,17.644,16.4224,20.3276,4.0968,17.8882,20.3398,19.0274,9.5942,17.3466,18.469,19.004,20.9342,18.2482,21.1048,14.3974,14.845,20.1124,15.8122,11.8176,1.0666,18.6054,18.668,17.5318,5.4392,8.6876,19.0756,18.2266,18.5232,9.159,16.0054,20.195,18.7266,3.7438,0.4974,18.685,18.2542,19.9598,19.4976,17.6428,19.75,18.2766,17.3546,12.495,10.1542,17.3204,18.5584,20.6874,20.5662,19.6136
iql_2p_804,18.8418,17.775,2.903,17.299,13.2136,18.1502,16.8662,17.84,16.6276,18.0286,18.8112,19.122,1.7264,17.4298,11.9012,8.6956,6.011,14.1332,20.0256,16.9704,15.7264,17.4914,23.9528,10.352,17.9276,17.5818,13.5854,17.2532,16.9406,18.4324,16.2956,14.0806,15.8712,14.8604,17.6952,4.649,17.1722,17.6302,17.5226,11.1816,16.7516,17.1512,17.7648,16.985,18.2732,16.754,14.5918,15.3964,15.5982,16.2012,14.4316,3.3186,18.1586,18.2688,16.4106,6.8886,13.8396,17.5426,19.0516,19.0116,12.978,18.2942,18.2656,18.484,6.7666,1.1228,16.88,15.654,17.6748,16.0266,15.7866,19.1502,15.9982,17.4708,11.3786,6.3034,17.55,17.4912,15.7998,18.6294,17.0746
iql_2p_210,10.9946,13.0408,2.4276,8.9516,8.7702,11.685,10.0386,9.2038,5.4146,8.9256,13.5892,12.6462,1.2048,9.4356,6.492,7.5622,3.6088,8.9156,11.566,10.1096,13.8636,8.4604,10.391,23.8912,12.379,10.1182,3.1524,6.318,6.278,10.557,8.4208,3.0508,7.2042,10.8466,9.0714,0.8694,10.5786,10.7268,9.6162,6.523,9.2498,7.4596,11.5728,9.9846,8.6616,8.503,4.0792,7.7454,12.605,6.4594,6.3868,1.2066,12.0624,10.1922,12.0872,4.6176,5.5086,9.306,11.846,11.5458,7.327,8.9756,10.8806,11.1516,3.941,0.114,7.8994,10.2608,11.726,10.7676,7.9778,12.0396,11.4508,8.1434,7.0742,11.003,10.836,8.7368,7.1824,10.36,9.5794
iql_2p_700,19.0918,21.1642,3.317,17.3194,10.5802,23.465,22.3254,19.8876,16.4528,19.3658,20.2754,19.7818,3.0406,19.8858,16.1588,4.8358,4.5032,21.2072,18.6918,21.3654,21.0816,19.5152,18.298,12.6986,23.995,21.7936,12.863,15.06,16.0164,20.3232,16.462,12.5318,18.0104,19.416,19.3844,2.3108,21.253,18.9872,21.1182,14.584,22.0108,19.477,21.096,21.1632,19.6478,20.772,11.9012,19.7354,21.983,13.0032,11.6724,0.9452,20.9966,20.0044,21.2918,7.2444,10.2902,20.0422,19.8968,20.4454,9.6972,15.2534,20.7572,20.0652,4.48,0.5062,20.8186,19.4784,20.436,20.4698,16.0264,22.218,22.1168,19.571,13.7816,13.7436,21.7438,19.5582,20.3906,20.435,17.031
iql_2p_10,20.6212,20.101,3.1896,17.8208,9.9086,22.0022,22.2138,19.6298,19.2252,19.1024,19.8992,19.6358,2.6242,18.701,15.6962,5.2048,5.5854,19.4778,19.4494,21.6694,19.837,20.459,17.5718,10.4122,21.5532,23.7706,9.113,17.9904,19.291,20.4028,17.3556,16.0908,20.4576,17.0982,19.9892,2.8698,19.5238,18.855,19.9166,11.6516,20.7048,18.7368,20.4844,22.2966,18.1336,20.8728,14.0604,18.6786,21.1734,15.5022,12.982,1.3846,19.8028,20.4872,20.0816,5.3116,10.065,20.6894,17.875,19.8154,10.3894,15.845,21.602,19.4964,4.8192,0.7198,19.7026,18.1026,19.1072,19.4566,16.3646,21.404,20.8748,18.199,13.6998,12.5946,19.8492,20.5406,20.6488,19.7344,17.8822
vdn_2p_724,6.8222,8.8648,0.9158,10.7858,5.1628,11.8236,13.1856,17.0984,7.1982,9.8378,8.9036,7.5198,0.4484,17.5962,5.1886,2.1064,1.1968,11.2066,7.4042,11.9256,10.0762,10.9084,13.3926,3.3186,12.5998,9.1634,23.7814,9.5552,6.7762,12.4226,6.6244,9.3796,8.297,8.4542,8.873,1.5526,10.0112,11.4112,17.1544,5.4074,10.7838,8.5022,11.5232,10.639,10.771,8.7736,6.0238,6.3802,8.813,12.4248,7.3394,0.4216,13.9388,9.7608,11.9116,4.0406,3.7598,12.1434,15.0584,9.77,3.991,9.1442,12.8836,15.7946,2.1264,0.0332,7.366,8.1878,11.385,8.6166,4.9902,14.1018,9.0526,8.6916,5.9,2.4604,12.555,9.3472,6.979,10.1516,8.4328
vdn_2p_727,20.6446,16.8478,1.8166,19.5364,10.0994,14.6278,16.702,16.0344,20.904,17.9702,19.522,20.1526,1.273,16.4448,9.1208,4.6142,2.8208,15.7954,20.376,17.8278,15.922,18.1592,17.6474,5.8744,14.7658,18.3808,9.1452,23.9354,19.81,19.5732,18.609,16.1936,19.5316,12.5448,17.134,3.2846,13.3684,18.8328,15.1648,6.9006,14.6896,16.4454,17.4436,17.4638,16.6962,16.405,15.33,16.2822,15.2512,16.502,13.7296,0.4772,16.8208,19.938,14.4102,6.1138,9.8208,19.7754,14.2616,19.5876,10.669,17.9856,20.5188,16.7034,3.063,0.179,14.1356,15.952,19.597,14.7728,17.4092,18.1736,15.6048,19.7734,13.5122,7.8286,16.8846,19.2912,15.0394,19.6316,19.5152
iql_2p_7,19.5216,15.1758,2.7314,18.4268,11.9096,17.2236,17.107,17.2006,20.5482,15.3978,18.0702,18.3954,1.3594,15.4388,7.79,4.909,2.9468,13.3032,19.4868,17.6662,16.1608,19.053,16.7242,6.4266,16.3726,19.0714,6.5808,19.6988,23.8642,19.8958,16.8578,17.881,21.8454,15.4644,18.4818,2.4948,13.0366,21.4992,14.3,7.5726,14.5954,18.9008,17.2418,19.5224,14.4356,16.7972,17.2672,19.7192,15.545,16.539,14.4328,0.987,16.8208,20.4444,14.5558,4.3668,8.312,20.7482,15.8956,17.654,10.1808,15.253,21.2916,16.1762,4.0708,0.3896,15.1794,15.5094,19.7574,16.3822,16.423,17.3072,14.0002,18.187,11.9196,7.477,15.5172,19.0856,16.1044,20.201,20.2736
iql_2p_614,20.139,17.326,2.7922,20.1388,10.9878,20.2396,20.1172,18.5262,19.4204,19.0416,20.169,19.1514,1.976,18.6712,12.9768,5.4006,5.3666,17.4018,19.842,20.8372,17.4554,18.7692,18.4882,10.0652,20.1002,20.499,12.2762,19.3778,19.9528,23.6172,15.1014,15.542,20.1872,16.1188,17.135,2.172,18.482,20.158,19.2196,10.771,18.867,21.5622,19.9562,19.3128,19.491,17.3898,14.7308,20.074,17.8512,15.5602,14.192,1.181,19.3074,22.9348,19.8988,6.1912,10.9876,22.1802,17.6086,20.0816,9.953,15.7518,22.6794,19.2526,4.9882,0.4356,16.9972,16.8584,20.3794,16.3306,13.8482,20.7506,19.2064,18.0992,14.346,10.252,19.0518,21.1062,15.675,21.287,16.995
iql_2p_9,18.1098,19.2672,3.1814,16.2244,10.234,15.4666,16.574,16.696,15.3058,18.59,18.3478,19.041,2.505,14.7414,10.3982,5.2512,4.3774,11.699,18.2788,17.0192,18.7128,17.7606,16.6258,8.912,16.4034,17.2316,6.6616,17.9944,16.974,15.0298,23.7138,10.267,14.2192,17.2918,18.697,3.0572,15.7138,17.1844,15.0006,8.6844,16.0008,12.9416,16.285,18.8062,15.497,18.7968,16.8732,11.2302,15.6034,18.6742,11.5622,1.182,16.9682,15.5364,13.6894,7.5672,8.0718,14.7406,16.9118,18.3606,9.814,15.3816,16.4576,15.917,4.0224,0.8218,16.8942,18.6104,17.1994,18.6898,19.8444,17.027,15.7948,17.8552,14.5066,12.7446,16.916,17.8628,18.3146,16.7856,21.008
vdn_2p_720,14.3062,10.3172,1.3274,13.8354,8.213,12.1472,14.6522,13.9032,16.9456,13.0654,12.3538,12.797,0.203,11.3788,4.1408,3.897,1.5076,10.1524,12.5246,13.7596,9.753,15.0002,14.4648,3.242,12.4472,16.2874,9.2508,16.3222,18.2196,14.8908,10.8906,24.0174,15.7082,9.1256,12.7198,2.858,11.586,14.3932,11.7462,4.1008,9.5212,13.9238,13.3994,13.8244,11.2812,12.6852,15.5026,12.4164,9.5612,13.2114,9.9516,0.339,11.0562,14.8986,11.2094,3.5878,7.5706,15.5564,10.1988,10.3046,7.5324,13.8022,16.7862,15.601,4.1762,0.1898,9.925,9.6992,13.286,9.6146,11.9198,14.9644,8.9382,13.1756,9.6688,3.8178,10.1188,13.8234,11.834,16.8566,13.8968
iql_2p_602,19.4814,14.6222,3.6288,18.2894,11.026,18.3446,17.178,16.0224,21.0012,14.3414,18.0096,18.047,2.119,13.3554,7.8572,4.3698,3.5266,13.865,19.077,18.1756,15.8302,17.8688,16.084,7.3492,18.26,20.3464,8.3242,19.463,21.7948,20.52,14.7084,16.3916,23.8364,13.6,15.2828,2.053,13.3824,19.559,14.7286,7.8316,16.0222,20.0036,17.0436,18.0458,14.139,15.86,14.4716,21.967,15.614,14.3676,15.0004,0.874,15.398,21.0116,15.6202,5.5496,7.4538,21.1912,13.7,18.3276,8.942,15.0744,21.6224,16.4554,3.7778,0.72,14.7334,13.8014,19.769,15.8852,15.1516,18.421,15.5252,17.2236,12.2932,8.3144,16.2668,19.2154,15.157,19.6496,17.498
iql_2p_232,17.0002,18.611,2.5684,14.7424,11.0394,19.2918,18.754,16.7638,15.1214,17.528,18.0524,18.8316,1.8124,17.0276,14.9626,5.0276,2.7736,16.1818,17.545,18.3128,20.8438,16.5372,14.9908,10.958,19.4652,17.2668,7.9876,12.9332,15.8158,16.358,17.7486,9.3958,13.9732,23.9382,19.4736,1.9084,17.5404,19.6284,16.6712,11.3376,16.452,15.5256,18.575,17.6472,17.2266,18.52,10.6488,12.1526,19.4138,14.1116,11.8272,1.3126,18.8056,16.0738,17.5624,4.5532,9.9878,16.8948,18.656,18.3448,11.428,12.6584,17.425,14.8852,2.8362,0.8292,18.8608,19.6974,18.1096,19.2514,15.5984,18.5376,15.5,18.5172,9.4984,10.0374,17.4374,17.2222,17.4602,18.347,19.676
iql_2p_224,19.9834,18.7878,1.6382,16.9276,11.6274,19.2182,19.494,18.553,17.3292,21.2156,19.3408,20.592,1.7134,15.6508,14.5278,6.891,4.3944,16.303,18.9332,18.8802,19.2884,20.3862,17.9688,9.2602,19.3978,20.028,8.5774,17.4086,18.7186,17.211,19.0088,12.7962,15.3294,19.399,24.0484,4.3932,18.7138,19.12,16.8164,10.5222,17.0622,16.9984,19.1816,20.4606,18.897,21.5332,13.3802,12.3212,18.6322,16.0826,12.2964,1.1528,18.3486,16.4644,18.4772,4.3282,10.6354,18.3636,17.3922,19.134,12.4708,16.158,18.7274,18.8854,4.4404,0.762,19.6712,18.6888,18.1162,20.8356,18.0818,20.6102,16.5868,18.7818,11.9434,10.5962,19.1138,20.1368,20.5914,19.4524,20.0114
vdn_2p_725,3.4212,3.1324,0.6628,3.0904,1.4198,1.746,3.2692,3.5068,2.2324,3.9616,3.592,5.0152,0.4702,3.029,5.062,0.7712,0.637,3.37,4.191,2.4912,2.5752,4.1106,4.7778,0.9248,2.26,2.6582,1.6826,3.4582,2.3392,2.3164,3.3102,2.7504,1.8638,1.8984,4.509,23.7284,3.2514,3.202,3.2896,1.1178,1.6816,2.6556,2.9402,2.8342,5.1284,4.3032,4.4114,1.6784,3.0456,4.0942,2.2568,0.0576,2.1712,1.8894,2.3804,1.4026,2.3252,2.667,3.4802,2.6168,1.2446,6.128,3.2788,3.4108,0.7364,0.0558,3.2546,2.6596,3.0872,3.6762,3.9484,3.417,2.5448,3.6086,3.7948,0.9654,3.213,2.8188,3.2684,3.7594,3.218
iql_2p_604,17.8512,19.0468,3.1478,17.3396,8.0982,20.1812,20.7246,17.7972,14.087,19.1912,20.0422,19.55,2.901,18.3778,14.6434,6.3008,7.0214,17.8036,17.9072,20.1026,18.2004,17.9764,17.1624,10.7502,21.09,19.4556,9.616,13.1134,13.1666,18.5202,15.9076,11.5018,13.4548,17.2986,18.885,3.0492,23.6106,16.8632,19.884,10.6542,19.022,16.4104,20.4684,19.0564,20.212,19.5656,10.9776,14.4512,20.1578,12.9496,9.473,0.9578,20.74,18.2538,19.5878,8.2908,9.5604,17.992,18.1236,19.924,8.5506,14.3476,18.596,18.157,5.6268,0.4972,18.6458,18.3144,18.9552,17.5232,13.741,20.4812,19.9218,17.3044,15.465,15.5964,19.4762,17.9522,17.6488,18.8668,15.0766
iql_2p_112,19.2588,17.4086,3.4796,18.9236,10.2684,18.4998,18.875,19.189,18.7594,17.503,19.3998,19.7756,1.9786,18.2196,14.462,6.4944,5.1624,16.7926,19.7576,18.7902,19.8528,20.3206,17.8944,10.2288,18.7948,18.9864,11.3466,18.9966,21.5348,20.2076,17.689,14.3062,19.3722,19.2446,19.306,3.1052,16.82,23.8118,17.8602,11.2342,16.4604,19.5124,18.5934,20.2362,17.9786,18.4694,14.4196,17.1282,18.7026,15.6616,14.8432,1.7424,19.3892,20.3318,17.5382,5.1196,10.8,20.3596,18.6696,19.5926,11.6134,15.607,20.5562,17.4376,4.7854,0.849,16.8472,18.6712,21.2026,18.7656,16.5044,19.3494,17.254,19.491,12.9642,8.394,18.5418,18.2428,16.662,21.4622,20.2922
iql_2p_220,16.755,19.8628,2.5236,16.5292,8.6486,20.7422,20.868,20.8948,14.53,17.6588,18.4374,17.342,2.3284,21.1454,14.8146,4.51,4.9828,19.9446,16.2774,18.7854,17.7654,19.0692,17.7516,9.7742,20.9908,19.8958,17.3328,15.3604,14.6124,19.2326,15.1206,11.7808,14.3956,16.4944,16.8512,3.3866,19.7264,18.1676,23.5606,12.8026,19.884,17.7622,18.1276,19.6272,17.9648,19.1138,10.0076,16.5014,20.1214,14.8406,11.9106,0.7074,19.7772,19.1954,17.5786,8.6044,9.287,17.656,19.4556,17.414,9.405,15.7748,19.3534,21.0644,4.9288,0.5104,18.4438,16.7894,18.4504,16.3734,14.814,20.8882,20.5502,16.9602,12.1072,7.0342,18.9056,17.7566,18.0298,19.7768,16.4534
iql_2p_11,11.6908,13.082,1.3724,9.9976,6.4672,13.6374,12.0964,11.6784,6.1854,11.249,13.6648,12.7414,0.7254,11.799,10.4392,3.826,2.1344,9.5242,12.2656,12.1464,12.7296,9.657,11.833,7.1392,14.588,11.6688,5.4458,7.267,7.655,10.971,9.1918,4.1238,8.0192,11.5736,11.3488,1.2064,10.6888,11.7202,12.6852,23.9404,13.3012,9.4758,9.9556,11.0082,9.8334,13.403,5.0986,8.157,12.8862,7.6746,6.1688,0.4944,12.6902,11.5578,11.4316,2.771,7.289,9.8508,14.7382,13.0264,6.8626,10.2384,12.4624,12.5916,1.6732,0.2714,12.302,17.2414,11.6622,11.7546,9.3168,13.1434,12.2234,10.639,5.1172,6.281,10.678,10.431,12.6212,10.435,10.3772
iql_2p_111,16.7114,21.2316,2.7176,16.3528,9.4154,21.5328,20.6714,18.0978,13.6232,18.9294,18.662,17.5756,1.9042,18.4732,12.8456,4.8278,3.3726,18.5912,17.9162,19.7728,18.1432,17.7442,16.8636,9.2326,21.8976,20.7494,10.8074,14.6768,14.877,19.1884,16.4406,9.6312,15.9516,16.1418,16.863,1.6064,19.2572,16.9224,19.7612,12.9984,23.93,16.9758,18.7504,20.7934,17.8772,19.105,10.9268,16.5446,19.656,12.3144,9.9082,0.7558,20.2336,19.5086,20.104,7.3894,9.5896,18.1382,18.9722,19.5302,9.4036,13.8974,19.9006,19.1368,3.7952,0.4936,19.4424,19.1978,19.4222,17.9492,14.8274,21.103,21.905,16.5634,12.988,11.5666,20.0588,18.5246,19.0472,18.2078,15.7574
iql_2p_706,19.4544,16.233,3.1762,19.2456,9.6996,19.0586,18.4554,15.8558,19.5784,17.4192,19.2584,18.8762,2.7974,16.584,11.2422,4.3826,4.1872,15.7242,19.217,20.096,15.5384,18.5858,17.2502,7.8566,19.4062,18.8018,8.7496,16.2952,19.2224,21.6552,13.5948,14.4058,20.0,15.6296,17.1456,2.688,16.3308,19.5556,18.2422,8.9378,16.9814,23.8646,19.4212,16.4562,18.625,16.3904,12.0428,20.6568,16.554,13.087,12.8432,1.0164,17.7906,21.9488,18.3702,5.2554,9.0544,21.718,15.373,19.66,8.5588,13.9062,21.7472,16.8826,4.8398,0.8822,15.8024,14.4462,20.3004,15.3382,11.7252,19.0428,18.1028,17.9084,11.949,8.716,17.1934,20.031,14.6442,21.1294,15.7822
iql_2p_102,19.475,18.3158,2.3042,19.5736,10.5458,20.4546,19.9034,18.2752,17.7354,19.6602,19.6052,19.9066,1.8754,17.0126,13.9614,5.9016,5.2732,18.592,19.3238,20.5402,19.4714,19.1924,17.729,11.0746,21.003,20.6248,11.5424,17.4494,17.422,19.7704,16.8144,12.7226,16.7606,18.3588,19.2054,3.0848,20.4924,18.387,17.7552,9.4506,18.128,18.8978,23.8422,18.8772,19.2508,19.871,11.228,16.6284,20.1964,13.9948,11.1882,1.8184,20.1086,19.153,20.4786,6.1926,10.9898,20.266,16.885,19.9822,10.2438,15.9032,20.496,18.5486,5.4834,0.7894,19.2368,17.828,19.937,19.1154,15.1214,20.8144,17.9912,19.058,13.4072,13.1168,19.9014,20.0172,18.776,20.0538,17.4604
iql_2p_214,19.4418,21.2498,3.2054,16.595,9.379,21.6644,21.9804,20.6918,16.4548,18.739,19.8726,20.0398,2.492,19.3702,14.364,4.9978,4.67,18.5742,19.4478,21.2772,20.509,21.124,17.2684,10.081,21.019,22.2462,10.427,17.5738,19.4318,19.4746,18.9184,14.1058,18.1464,17.5774,20.4822,2.6886,19.0386,20.138,19.9954,10.6758,20.7852,16.5074,18.8946,23.7336,18.4668,21.0394,14.1866,16.159,20.8528,16.0834,12.6942,1.0114,20.4846,19.442,18.8698,7.2644,9.4194,19.551,19.1874,19.9458,9.8314,16.6594,20.8034,19.66,4.0298,0.6692,20.0094,19.1074,19.6686,20.881,17.5878,21.3532,20.5096,18.082,13.4794,11.9118,20.9936,19.117,20.3342,19.6684,19.4258
iql_2p_107,18.5656,18.302,3.0864,18.0014,10.137,18.5292,19.05,18.143,15.3854,20.3374,19.9034,19.8026,1.983,17.6566,14.3908,6.0228,5.3464,15.0016,18.5262,19.3964,17.0768,18.0664,18.2454,9.3472,19.361,18.1826,10.1602,16.4112,14.7626,19.4616,15.9016,11.364,13.6258,16.9586,18.5758,4.9474,19.9116,17.8812,17.9534,9.2938,17.5782,18.1634,18.965,18.4648,23.9002,17.9156,11.2822,13.214,17.1616,14.2422,11.9524,1.6634,19.854,18.3536,19.637,6.5246,13.9914,18.2814,16.0672,19.756,10.8394,15.4956,18.9986,18.8092,4.4846,0.5206,17.7102,15.9348,18.0436,18.007,13.8426,20.3018,16.8586,18.357,12.1756,10.0012,19.2234,18.6388,16.0684,20.0308,15.8328
iql_2p_428,18.8858,20.701,2.8344,14.8002,9.3214,20.2586,20.493,19.0678,15.6006,19.9264,19.0494,19.3488,2.1428,17.009,16.8712,5.9936,3.7574,19.1972,17.873,19.7284,20.387,21.188,16.8996,8.3772,20.682,20.9666,8.75,16.522,17.7056,17.4152,18.9192,12.1692,15.5508,18.3396,21.3036,4.153,19.2622,18.3608,19.0408,12.6934,18.8966,16.1522,19.7924,20.9422,17.9864,23.7776,13.198,13.0214,21.4468,14.8,11.0082,1.1072,18.2104,16.857,18.3784,6.6196,10.9162,17.045,18.3692,18.4806,10.6136,15.8248,19.0562,19.1384,3.9758,0.928,21.6416,20.9608,19.5672,20.9922,17.9498,20.3592,18.9436,17.3342,13.656,11.785,17.736,18.3426,23.3926,18.1724,19.5166
iql_2p_208,14.8614,13.4696,3.331,12.5508,9.5522,11.0322,12.1592,12.7472,13.5434,13.392,13.7832,15.6,1.4192,10.0912,5.0546,5.408,2.507,7.7976,16.0864,12.385,12.0846,14.324,14.935,4.1426,11.2136,13.9796,6.2706,15.0614,17.055,14.7692,17.1596,15.6792,14.469,10.3194,13.1584,4.3126,11.021,14.7046,10.1234,4.7942,10.6866,12.0148,11.564,13.9352,10.9812,13.4208,23.8362,11.6842,9.3422,18.6578,12.148,0.937,13.778,14.9474,7.7444,5.4658,7.5496,14.7796,12.0892,13.501,8.6514,14.025,15.2048,12.3098,4.5634,0.7974,11.0486,10.3906,13.5684,12.6836,16.5008,13.2518,10.3822,13.7526,10.551,5.7564,11.853,14.5254,12.7842,14.1218,16.1044
iql_2p_710,16.9202,13.8332,3.514,17.812,8.9928,20.2842,17.4318,14.9198,17.1576,13.4896,16.1042,15.0964,2.2596,14.992,7.5198,3.6932,3.6288,14.4242,16.8034,17.4826,14.0944,15.1498,15.3378,8.0174,19.5378,18.7936,6.4326,16.1106,19.5522,19.9158,11.6452,12.3564,21.9602,12.2356,12.4962,1.6538,14.5564,17.336,16.2504,7.8488,16.5898,20.3884,16.5596,16.4394,13.3786,12.9092,11.7798,23.86,15.2448,12.4126,11.5328,0.7028,15.3102,20.898,16.2274,5.4166,7.1042,21.13,14.417,16.7082,6.9788,12.3784,21.3948,16.7478,4.6766,0.8008,13.9436,12.6226,18.6006,13.7184,11.6812,18.4894,17.0264,16.6328,12.0136,8.9472,15.5476,18.6988,12.8634,19.2158,14.365
iql_2p_288,16.9402,20.232,2.5374,15.388,8.8882,21.6706,21.7516,18.9798,13.6424,18.968,18.2892,18.4678,2.0894,19.5282,18.3306,5.1922,3.1878,21.021,16.5726,18.9644,22.0046,20.1172,16.1952,12.9092,21.9874,21.3504,8.55,14.96,15.4472,17.9994,15.948,9.5928,15.7578,19.3952,18.6576,2.9428,20.1876,18.8536,20.0944,12.6044,19.8248,16.3772,20.4732,21.054,17.2562,21.6186,9.511,15.4794,23.7838,12.9478,10.3804,0.7972,19.4098,17.2004,18.813,5.7456,10.0002,18.081,18.9866,17.9014,9.9348,14.8716,19.6588,19.6218,3.4532,0.4496,20.4362,19.8232,19.894,20.0624,16.1596,20.8388,19.3,17.4802,11.5748,13.175,18.4774,17.6488,21.0674,19.39,17.5714
iql_2p_6,16.3358,15.249,4.6178,15.1472,8.791,12.8124,14.8194,15.996,12.5266,16.063,15.5802,16.8018,2.012,15.0106,9.5904,4.0502,3.8942,12.3314,16.4634,14.838,14.169,15.8032,16.4082,6.156,13.1458,15.363,12.5804,16.3478,16.4406,15.4516,18.6044,13.2116,14.2172,13.5456,16.12,4.2104,12.8392,15.6764,14.721,7.0722,12.168,12.8888,14.1346,16.0278,14.3242,14.5406,18.594,11.9796,12.8152,23.3894,11.3868,1.199,15.0698,15.7604,8.233,8.1232,7.9024,14.826,16.1544,15.7518,7.7864,15.4964,15.7628,14.9432,5.1238,0.825,13.8356,14.0758,15.0588,13.7778,18.6892,16.0986,13.541,13.84,12.0314,4.9122,13.399,16.4584,13.6648,15.625,16.7062
iql_2p_110,15.6124,10.4654,2.6516,13.2652,14.6222,11.879,11.572,11.3366,13.4836,12.5338,14.8714,14.9934,1.0684,10.3904,6.2456,13.0514,4.8862,7.8558,16.2966,13.82,12.4846,11.6184,14.6286,6.4014,11.507,13.0214,7.0778,13.3778,14.6294,14.2034,11.578,9.9402,14.9692,11.6008,12.4298,2.031,9.6816,14.5588,11.8908,5.861,9.8468,12.8116,11.1986,12.7502,12.2136,10.8082,12.5138,11.5544,10.2304,11.3452,24.0172,3.2384,12.9286,14.5782,11.8906,3.6304,8.7662,13.5884,12.5154,14.791,17.6066,14.29,14.504,11.6964,3.4216,0.465,8.6282,9.8704,13.1178,11.5738,10.2544,13.5028,10.8558,12.9232,9.365,5.0718,10.9006,13.7808,9.3616,13.7464,13.3322
vdn_2p_721,3.1124,1.0728,0.425,2.1634,3.122,0.9744,0.9366,1.3856,1.3324,1.4438,3.5076,4.4312,0.2318,0.9394,0.2358,7.0976,0.8082,0.1436,4.046,1.4256,1.7066,1.016,3.6398,1.3182,1.106,1.5436,0.4442,0.4516,1.1072,1.2328,1.2658,0.3528,1.0554,1.5538,1.285,0.0566,1.062,1.937,0.7496,0.4492,0.7724,1.0256,1.9986,1.0818,1.8606,1.1494,1.0162,0.6296,0.9568,1.3422,3.1846,24.118,1.9076,1.089,1.4474,0.5452,4.429,1.1658,1.4084,3.5464,4.6922,2.4892,1.3692,0.9222,0.2298,0.022,0.667,0.9898,1.1922,1.0956,0.4664,1.3918,0.6252,1.5496,1.0748,1.1748,0.8704,1.5394,0.8794,1.5816,1.298
iql_2p_2,18.4352,20.2618,3.834,19.1626,10.9646,20.1168,20.6676,19.1256,13.8564,19.6366,20.4078,19.6804,1.9858,19.6616,13.1708,6.6684,7.0362,17.2514,19.1444,21.212,19.6914,18.5304,18.1112,12.3366,20.7688,19.8822,13.8442,16.6502,16.927,19.5472,17.166,11.276,15.2986,18.7994,18.4024,2.1966,20.7114,19.3274,19.8114,12.4102,20.3252,17.894,19.759,20.8224,19.9644,18.18,13.8158,15.4756,19.2114,15.12,12.7816,1.7574,23.6322,19.3862,19.1426,10.0044,11.4228,19.3536,19.2416,20.485,10.8862,16.223,20.1224,19.0652,5.2106,0.6706,17.024,18.8648,20.0678,18.4238,15.3538,20.6004,21.0226,18.6188,15.7508,14.2048,21.6424,18.8204,16.0426,19.882,17.8908
iql_2p_8,20.2692,17.8726,2.876,20.3404,11.2506,20.1666,20.4,18.5748,19.6828,18.378,20.7408,19.1156,2.4476,18.4974,11.682,5.1156,5.2352,16.6668,20.5384,22.0426,17.712,18.8686,18.4264,10.4304,20.0254,20.8536,10.096,19.8562,20.4426,22.9248,15.7704,15.3988,21.0886,16.249,16.6634,2.0922,17.9394,20.3434,19.1302,11.6308,19.762,22.0,19.1726,19.6004,18.5014,17.376,15.391,20.9324,17.3508,15.7818,14.4746,1.0756,19.37,23.6998,19.1528,8.9036,9.8774,21.6662,17.7072,20.6606,9.7086,16.1402,22.9084,19.0148,5.5252,0.8036,17.0418,17.95,21.0816,15.8264,14.4218,20.8346,19.9682,18.2912,14.1594,10.205,19.6372,21.4486,15.1698,21.397,17.601
iql_2p_105,19.1838,18.6662,2.3588,16.8694,12.004,20.645,19.778,17.5388,15.4428,18.648,19.0758,18.7568,1.7522,17.0258,14.5754,5.1588,4.5296,16.6728,17.5648,20.7598,17.2188,16.3688,16.7424,12.3122,21.114,20.1132,11.9498,14.2944,14.8892,19.9766,13.6554,10.8448,15.3174,17.3678,18.3542,2.2522,19.7028,17.5126,17.5306,11.068,20.0374,18.1118,20.3648,18.79,20.0878,18.5418,8.2228,16.1858,18.6076,8.6798,11.7466,1.3152,19.1284,19.2698,24.0676,6.1176,12.3634,18.6298,16.8098,19.7068,10.4706,14.4502,19.8802,18.0274,4.271,0.7724,17.249,15.3288,18.1692,17.8744,8.8542,19.9492,19.6368,17.3198,13.0754,11.0086,19.7194,18.6954,16.1812,18.8746,15.3102
iql_2p_4,5.0316,5.7112,2.3932,7.357,2.7282,5.5678,6.4954,5.9774,4.0272,7.4322,6.5388,8.216,2.2456,7.459,1.9038,3.0416,3.6898,4.6608,7.2768,4.3954,5.5248,5.571,7.2208,4.7106,7.1732,5.545,4.1436,6.0238,4.7206,6.3702,7.6536,3.7392,5.4182,4.4456,4.178,1.4776,8.1614,5.4574,8.8678,2.8914,7.614,5.4936,6.0084,7.1198,6.5412,6.2816,5.6576,5.5726,5.7998,8.2438,3.4408,0.5138,9.9376,8.8118,6.0348,23.5898,2.9834,7.5306,7.6048,7.3024,2.5882,4.2694,6.4446,7.549,6.5262,0.1248,5.0658,5.3288,7.587,4.7894,4.102,7.7114,6.427,6.3644,11.983,5.9312,4.8688,7.0326,5.5626,7.5156,6.2018
iql_2p_113,13.995,9.2112,1.6574,10.9666,8.712,9.6156,9.2528,9.7014,10.574,12.848,15.1198,16.5718,1.3422,9.6464,7.1198,4.3912,2.0786,7.0372,14.2448,11.4198,10.788,9.0106,13.7674,5.9836,10.2168,10.3348,3.6786,9.6274,8.8172,10.874,7.835,7.1312,7.531,9.8092,10.9458,2.1882,9.9076,10.5048,9.6972,7.061,9.3654,9.4074,10.841,9.2602,14.2452,11.0402,7.3056,7.2104,10.0666,7.9176,8.8672,3.8544,11.8058,9.984,12.2324,3.0122,23.9586,9.8762,10.5968,15.2226,8.3086,14.687,11.011,9.1,1.692,1.0852,8.8822,9.987,10.8236,10.303,7.0014,11.774,9.4164,11.9214,7.0224,4.331,10.845,10.505,8.5854,10.8492,9.1146
iql_2p_518,20.2448,17.4156,3.2018,20.303,10.0624,19.995,20.4602,17.8902,19.6262,18.7526,19.3486,19.8344,2.1502,17.4314,12.3046,4.7092,4.9782,17.5444,19.7702,20.2172,17.1838,19.3472,17.714,9.2194,20.0694,20.7442,12.3058,20.0158,21.064,22.1818,15.243,15.9506,21.0816,16.7218,18.2572,2.5854,17.8758,20.2382,17.947,9.1438,18.0572,21.6932,20.0394,19.4016,18.523,17.3128,14.7636,21.1322,18.0198,14.8898,13.9288,1.0884,19.4264,21.666,18.6302,7.6692,10.1264,23.644,16.2704,20.1164,9.5446,15.5012,22.6966,17.8262,5.0092,0.5504,17.1586,14.9142,20.5092,17.277,13.857,20.6342,19.0464,19.2652,14.1842,10.6582,20.4778,21.8646,15.0432,21.2614,17.577
iql_2p_314,15.6944,20.1376,3.279,15.832,11.2766,19.571,18.645,20.8204,14.316,16.5416,18.226,17.628,1.5698,20.9546,15.536,5.1974,4.0374,17.9254,16.8486,18.2426,20.0512,17.971,19.4096,12.2728,19.743,17.8598,15.2958,14.6872,15.7824,17.5586,16.4726,9.937,13.1972,18.7148,17.5122,3.584,18.0674,19.1646,19.4644,14.6908,19.0654,14.8648,17.2262,19.3592,16.3514,18.6426,12.3066,14.625,18.9068,16.526,12.7312,1.3128,19.2928,17.5826,16.7686,7.463,11.0854,16.1068,23.8954,17.2836,10.4424,16.2872,17.8016,19.695,4.5774,0.4262,18.462,18.832,17.8832,18.5502,17.5084,19.6098,18.947,16.9912,11.3566,6.1048,19.5426,17.1082,18.233,18.357,18.867
iql_2p_805,21.4176,20.7542,2.8868,19.705,14.5868,20.0786,19.2814,17.4224,17.2644,20.2434,23.3216,21.8738,0.6452,16.9084,11.2526,9.95,6.3534,16.0608,23.2702,21.4174,18.955,18.5904,19.165,11.9824,20.342,19.8114,9.176,19.456,18.2524,20.1104,18.2296,10.4966,18.1284,18.0612,18.9554,2.5178,19.7434,19.6818,17.417,12.2348,19.2838,19.3318,20.0066,19.9322,20.0202,18.3632,13.0314,16.8672,17.8052,15.6206,14.1906,3.1548,20.5354,20.6614,19.61,7.8798,15.1986,20.0318,17.187,24.0266,14.4242,16.5818,20.1994,17.9412,6.744,1.0734,18.2558,19.1018,20.2234,18.88,15.452,20.786,19.4402,19.6158,13.4358,12.4268,20.5812,19.685,17.1724,20.0864,19.4724
iql_2p_606,14.8428,10.4432,1.9472,10.284,16.9082,9.826,10.0532,9.501,10.5358,12.039,15.5174,15.6966,1.734,9.2868,7.1588,18.896,4.134,8.3716,15.1214,11.54,10.4688,9.1478,13.3214,7.4772,9.65,10.9832,3.6382,10.9246,10.2746,10.0722,9.951,7.7872,8.6482,11.2764,12.5954,1.1688,8.429,11.8644,9.5808,7.0402,9.2988,8.8284,10.3776,9.869,11.0008,10.9266,8.7302,7.0394,9.969,7.6206,17.779,4.2552,10.9864,9.794,10.6426,2.5012,7.7184,9.4908,10.3798,14.829,23.8928,17.5506,10.0268,8.5274,1.2058,0.2904,8.8904,10.9884,10.148,10.9806,9.1022,10.9668,10.1024,12.0432,6.158,5.3508,10.0744,11.4836,8.6482,11.0724,11.0728
vdn_2p_729,16.938,16.4712,2.5682,15.9498,12.5664,15.1562,15.2228,16.1252,14.3116,15.6904,16.6304,17.3742,1.413,15.8026,9.952,13.4616,3.4602,13.2714,17.076,15.7222,15.4506,15.7398,18.1006,8.7888,15.1012,15.9014,9.4112,17.8034,15.2082,15.5706,15.1268,13.9106,14.8978,11.9944,15.8598,6.0616,13.99,15.5404,15.669,10.1206,13.8246,13.6656,15.244,16.6164,15.2748,15.6426,13.7454,12.502,14.541,15.2188,14.0098,2.6246,16.0014,16.2028,14.082,4.1532,14.2012,15.4008,16.1848,16.5496,17.444,24.1592,16.025,16.5678,3.8378,0.5282,13.7044,13.4516,16.6564,14.947,16.645,17.3796,14.7478,16.635,10.3756,5.6674,15.0482,15.5408,14.7954,16.3204,16.2782
iql_2p_612,20.5972,19.2662,3.0114,20.583,10.9568,20.8924,21.2982,19.251,20.761,19.1402,20.1404,19.8236,2.278,18.3484,13.5604,5.3776,6.0782,18.7638,20.466,21.3056,19.2186,20.2622,18.4216,11.0882,20.8322,21.698,13.1996,20.2282,21.4598,22.7274,17.053,16.5156,21.6044,17.4394,18.5836,3.2334,18.5568,20.4632,19.3556,12.131,19.8784,21.752,20.3636,20.7618,19.0932,19.1836,14.848,21.4336,19.823,16.166,14.439,1.2874,19.9796,22.8946,19.9938,6.5674,10.8834,22.678,17.787,20.3132,9.8586,16.261,23.5472,19.5574,5.6508,0.5652,18.7016,17.5938,21.3404,18.1904,15.3884,21.0722,20.0446,19.6696,15.3302,11.4884,20.0878,21.803,18.0192,21.4362,18.8686
iql_2p_608,17.735,18.7892,3.4388,17.3512,9.5608,20.2008,19.994,20.793,16.5908,18.5522,18.5086,17.8958,2.0676,20.6248,14.7574,4.0162,5.0266,18.5458,17.3962,18.2868,17.5726,18.5726,18.6766,10.9662,19.9284,19.4194,16.134,16.7132,16.4962,19.2632,15.6416,15.5486,16.1008,14.6638,19.0058,3.1244,18.0254,17.3754,20.9936,12.7254,19.2036,17.0846,18.4938,19.733,18.9006,19.1984,12.4946,16.6946,19.6456,15.127,11.5362,0.7508,19.251,19.0764,18.1868,7.4936,9.0166,17.8916,19.5482,17.947,8.4984,16.8086,19.4524,23.4726,4.9448,0.4658,19.5094,17.3472,18.21,17.438,15.9474,22.0268,18.4578,16.8366,13.0678,7.4202,16.8242,18.7058,18.6478,20.0682,16.5456
iql_2p_610,6.8886,3.6282,2.1662,7.173,1.264,3.5326,3.9406,4.3448,4.4082,5.2374,6.5448,7.066,0.642,4.3882,1.3924,2.2182,5.7724,2.2996,7.6462,4.6952,4.1682,3.8008,6.7392,4.0634,4.3772,4.6646,2.2398,3.0498,4.4666,5.1456,4.3084,4.0994,3.7604,2.8002,4.1172,0.6624,5.7434,4.7342,4.9262,1.5726,3.5594,4.6378,5.297,4.1922,4.3724,3.9004,4.0516,4.4464,3.4462,5.2264,3.3084,0.2154,5.47,5.569,4.3812,6.4628,1.6094,4.8364,4.2746,6.419,1.1538,3.7726,5.5982,5.0998,23.4378,0.2216,2.9156,2.7022,4.7554,3.2866,3.0542,5.1554,3.5626,4.5168,6.907,5.5686,3.4866,4.746,3.0892,6.1306,3.4998
iql_2p_228,1.6348,0.7306,0.3814,0.5638,0.718,0.7868,0.463,0.3072,0.513,0.6662,1.7286,1.7694,0.1582,0.2254,0.121,0.3792,0.1924,0.0714,1.762,0.9394,0.439,0.6238,1.173,0.1556,0.6384,0.812,0.0548,0.199,0.5112,0.5104,0.8496,0.249,0.686,0.8344,0.7866,0.0594,0.579,0.9482,0.643,0.2978,0.571,0.8662,0.753,0.7356,0.5958,1.1032,0.8348,0.9236,0.519,0.779,0.492,0.0128,0.7052,0.886,0.741,0.1112,1.1606,0.638,0.491,1.0936,0.2874,0.7274,0.6528,0.6432,0.2628,23.8168,0.3954,0.3166,0.5336,0.579,0.2856,0.9684,0.5866,0.7006,0.6976,0.3348,0.2784,0.7082,0.6274,0.3996,0.7404
iql_2p_488,17.3242,20.7928,1.3932,13.3872,8.399,21.037,20.527,19.2444,11.1844,19.0886,18.072,17.975,1.299,16.8202,15.3488,4.2452,3.1012,18.4844,17.0356,19.2822,19.281,18.726,17.1322,7.5172,20.8432,19.8764,7.1558,13.9268,15.2732,17.1464,17.1632,9.8096,14.451,18.6264,19.8544,3.1326,18.3616,16.9826,18.3686,11.555,19.3938,15.9472,19.1806,20.0758,17.757,21.673,10.9336,13.9122,20.1328,13.8626,8.5898,0.5798,16.7212,16.6842,17.4054,4.6482,8.6728,17.2856,18.3424,18.511,8.9912,13.8458,18.6686,19.5056,2.9796,0.3636,23.6358,19.9888,17.6148,20.5152,16.0604,20.994,17.1986,16.3446,10.9508,10.981,18.9256,18.4464,21.5724,17.8654,16.754
iql_2p_284,17.0104,20.9012,1.1168,15.1864,8.6322,18.8248,18.4604,16.8824,13.2886,18.898,18.958,18.4002,1.237,16.6484,16.2456,6.4142,2.9114,17.0566,17.0366,19.6868,21.281,18.4018,15.9864,10.3244,19.519,18.1916,7.272,16.1488,15.7714,16.873,19.0636,9.7628,13.927,19.8456,18.9736,2.6028,18.2444,18.673,16.9088,17.1294,19.3106,14.2248,18.0454,18.9536,16.1694,21.2356,10.6732,12.4368,19.806,14.3612,10.1202,0.8046,18.8986,17.6056,15.3392,5.416,10.1296,14.8622,18.8158,19.0794,10.6688,13.8586,17.9652,17.3908,2.7858,0.3542,20.3244,23.9554,18.7302,19.5214,17.2634,19.0954,17.5742,17.51,11.143,10.2764,17.7552,16.5394,20.9276,17.0732,20.0762
iql_2p_484,19.196,19.6024,2.2404,19.6344,10.1722,19.5658,19.6436,18.4936,20.0402,19.0396,19.9526,19.5586,2.0922,17.1606,12.5682,5.435,5.4914,17.8312,20.0018,20.0378,19.704,19.943,17.8854,11.6408,20.2646,19.3278,11.1334,19.8402,20.0198,20.437,17.4584,13.1324,19.8914,17.6676,18.1262,3.008,18.9718,21.2018,18.2394,11.2244,19.2692,20.029,19.873,19.6548,18.1088,19.5844,13.372,18.7068,19.9172,15.2074,13.4448,1.1526,20.1352,21.1786,18.0964,7.4814,11.046,20.5078,17.4976,20.1982,10.2524,16.7202,21.3856,18.143,4.7686,0.5822,17.7472,18.4378,23.7876,18.1236,15.9096,20.3902,19.0346,19.9738,14.1704,11.5644,19.4642,19.4338,18.376,21.1902,19.4226
iql_2p_200,17.5632,20.5124,2.965,14.473,10.5358,19.9878,19.3254,19.1198,14.411,17.8926,18.7272,19.2822,2.1266,16.1652,14.9932,5.347,3.3724,16.979,17.6942,19.233,21.4874,19.1852,16.0316,10.9852,20.303,19.3014,7.8008,14.689,16.571,16.5816,18.9422,10.2668,15.6246,19.1188,20.6694,3.7258,17.6178,18.8154,17.0682,11.3022,17.9846,15.1522,19.0784,20.9406,18.0816,21.0852,12.6856,13.6048,20.0982,13.5426,11.4462,0.9328,18.3522,15.8344,17.7052,5.286,10.2202,17.2276,18.4554,18.9354,11.0232,15.2032,18.0558,17.2724,3.5502,0.4994,20.3856,19.194,18.1792,23.993,17.6014,20.0392,18.9452,17.371,13.1028,11.1884,20.1804,17.6508,20.7972,18.1264,19.82
vdn_2p_728,16.5792,17.8396,2.6296,14.5276,9.2298,15.0644,15.2484,16.6194,15.1692,15.8798,15.8504,17.7514,1.3942,15.2392,9.548,4.919,2.8086,12.9872,16.3692,14.6034,17.3688,17.7218,15.8724,8.0354,15.764,16.4214,5.0126,17.4662,16.605,13.694,20.0418,12.2216,14.7982,15.4808,18.0554,4.2106,13.539,16.9092,15.0514,9.5392,14.9742,11.7542,15.202,17.615,14.2962,18.0756,16.9696,11.8736,15.8334,18.8302,10.2382,0.459,15.1434,14.407,8.7084,4.1408,7.2382,14.2224,17.541,15.7668,9.2038,16.8442,15.4892,15.954,3.3538,0.211,16.4596,17.3702,15.9062,17.7192,24.0362,17.0174,15.5714,16.6606,12.2504,10.0556,16.3012,15.8754,18.0014,15.8568,18.8388
iql_2p_618,20.1982,20.6636,3.8498,19.3246,12.209,22.5306,21.549,20.861,18.3098,20.4996,20.47,20.538,3.033,19.411,14.5522,5.8994,5.426,19.8418,19.7996,21.3128,20.0132,19.9196,19.3616,12.101,22.2638,21.331,13.863,18.1438,17.8022,20.648,17.414,14.788,18.4048,18.5884,20.6388,3.2742,20.5092,19.2636,20.7858,12.8776,21.0824,18.9984,20.677,21.3236,20.3632,20.3104,13.363,18.5856,20.8812,16.1214,13.4384,1.1098,20.4622,20.7944,20.075,7.5922,11.3818,20.502,19.5298,20.662,11.2906,17.5884,21.0316,22.033,5.0546,0.9552,21.0148,18.8778,20.282,20.1356,16.8354,23.7726,20.3252,19.587,13.844,10.7802,20.7202,20.7576,19.7524,20.9416,17.9866
vdn_2p_722,17.2094,20.3292,2.4206,16.6536,9.9696,21.5782,21.2946,17.8588,15.2414,18.8188,20.5412,18.5926,1.8412,18.9854,11.7778,5.7226,3.697,18.6598,18.395,20.62,19.2092,18.568,16.4146,11.5768,21.9782,21.0126,8.8214,15.7132,13.7668,19.5434,15.912,9.2006,15.9464,15.7394,16.868,2.708,20.2332,17.6646,20.9268,12.1862,22.0382,18.1876,18.281,20.6154,17.0244,19.604,10.932,17.209,19.191,13.86,11.5946,0.583,20.941,20.0868,19.6738,6.4142,9.5446,19.2248,19.0284,19.8404,10.0732,15.1044,20.2598,18.557,3.6416,0.5074,17.5996,17.7478,19.535,19.2388,15.828,20.6114,24.1126,18.1652,11.6838,12.1068,20.986,18.6644,19.5054,19.1622,16.5188
iql_2p_424,20.0776,18.5676,2.8874,18.5616,10.9294,18.6466,18.6246,17.2318,18.982,18.4754,19.4854,21.018,2.2568,16.4896,10.8754,6.874,4.1544,15.6886,19.8044,19.0024,18.5178,17.1458,17.606,8.784,19.5404,18.1756,8.8334,19.8248,18.5052,17.9398,18.0338,12.2466,17.2788,18.3616,18.6482,3.2808,17.509,19.1872,16.7126,9.7338,16.679,17.928,19.2904,18.5426,18.9416,17.3924,13.9616,16.5718,17.4342,13.7486,13.172,1.5864,18.692,18.3416,17.754,6.348,11.9594,19.2294,16.9432,19.6676,12.3516,16.7864,19.5028,16.8996,4.6988,0.6162,16.31,17.1428,20.1906,17.4292,16.8152,19.6128,17.5196,23.8688,13.5114,10.1824,19.9294,18.4848,16.1104,20.156,18.94
iql_2p_480,13.7386,12.7164,3.713,14.4194,7.333,13.007,14.4054,12.901,12.5944,13.7328,14.114,13.6918,1.6492,11.7064,5.8642,4.658,4.556,10.242,14.1516,12.655,12.5308,12.8046,11.5116,7.3286,13.7902,13.9656,5.7778,13.431,12.34,14.5574,14.787,9.65,12.3086,9.5514,11.7274,3.801,15.6332,12.9924,12.482,5.2932,12.8442,12.1142,13.005,13.6988,12.1374,13.575,10.86,12.045,11.4032,12.3066,9.5502,1.057,15.9018,14.4202,13.1082,11.798,7.0984,14.1866,11.3326,13.2488,6.1914,10.5936,15.1674,12.9318,6.9658,0.7172,11.1108,11.501,14.0268,12.7688,12.2698,13.9008,11.916,13.0326,23.372,13.9138,12.2178,13.8946,13.1658,14.2592,12.9636
iql_2p_600,11.022,13.9114,3.0418,12.8628,5.3906,12.2682,11.782,6.6438,8.2316,13.0022,12.8452,13.653,1.9646,7.751,5.9874,5.9586,7.508,9.7996,11.775,10.9378,12.7604,10.2326,6.89,11.3392,13.5776,12.4196,2.5492,7.7808,8.0274,10.5034,12.8706,3.9274,8.2228,9.3408,10.48,1.0396,15.6158,8.3612,7.2904,6.171,11.6706,8.293,12.8612,11.815,9.9964,11.8378,5.912,9.261,13.1118,5.038,5.2966,1.1062,14.2098,10.0446,10.653,6.1188,4.431,10.4254,6.0112,12.4724,5.31,5.8284,11.4034,7.7438,5.7898,0.2872,11.3042,10.3076,11.783,10.803,9.8934,10.6296,11.8774,10.0106,13.9788,23.792,11.6748,11.1786,11.5298,10.47,9.3874
vdn_2p_723,17.8498,21.4606,1.9228,18.4954,10.2116,21.026,20.2028,19.4432,16.619,18.245,19.7828,19.718,1.3336,18.127,11.9628,4.0132,4.4382,17.7666,19.3822,19.3904,19.4862,17.4526,17.6012,10.8512,21.5246,19.8802,12.3486,16.9312,16.0494,19.0998,17.464,10.3796,16.0238,17.5072,19.0546,3.1284,19.66,18.6196,18.9746,10.4086,20.0292,17.2308,19.828,20.7792,19.7072,17.6574,11.8606,15.6248,18.3028,13.5174,11.1828,0.6534,21.5456,19.4568,19.6892,4.9034,11.2214,20.4908,19.4392,20.511,9.8258,15.5394,20.2618,16.8616,3.6712,0.2642,19.1046,17.639,19.7368,20.139,16.2938,20.9178,20.9658,19.6132,12.318,11.6906,24.113,19.23,17.1162,19.499,18.2298
iql_2p_206,20.8778,18.3656,2.7016,18.874,11.3786,19.5536,20.4298,18.0466,19.6366,20.6202,20.1672,20.4876,1.6762,17.0864,11.4822,5.7818,4.9156,16.755,19.466,21.3618,16.4328,18.6628,17.4962,9.2288,19.384,20.757,9.1188,19.3814,19.308,21.3042,17.9,14.0958,19.315,17.1468,20.1416,2.9338,17.9756,18.1218,17.958,10.0536,18.4014,19.9394,20.1416,19.082,18.8822,18.548,14.4852,18.7554,17.5886,16.686,13.6866,1.3012,18.9168,21.6152,19.0416,7.233,10.74,22.0788,17.168,20.0696,11.4524,16.0196,21.8162,18.589,4.8,0.611,18.6594,16.6272,19.6454,17.9664,15.8326,20.5804,18.1154,18.6396,13.9824,11.4886,19.2448,23.9218,17.3808,20.5368,18.829
iql_2p_318,18.1198,20.7614,2.316,12.3606,8.0258,19.9742,19.424,18.4274,13.4316,19.119,17.9946,18.7676,2.2776,15.4022,15.9862,4.6812,3.4922,19.14,17.0782,18.8412,19.9852,20.8404,16.0286,7.394,20.308,20.8716,6.8972,15.0304,16.3036,15.7634,18.714,11.9678,15.2222,17.215,20.6374,3.3068,17.667,17.21,18.026,12.2098,18.8464,14.8706,18.9752,20.3876,16.4434,23.4922,12.8806,12.5216,21.2522,13.576,9.2236,0.7694,16.2666,15.2628,16.4592,5.6266,9.1322,15.3394,17.875,17.2372,8.5402,15.0152,18.1594,18.7712,3.1288,0.4956,21.6462,20.7342,18.482,20.7626,18.0704,19.7152,19.2686,16.1188,13.1862,11.6472,16.901,17.4968,23.8632,17.0296,18.7748
iql_2p_202,20.163,18.682,2.4786,20.6826,10.2988,19.8776,20.303,18.7922,19.5016,19.2162,20.2018,20.1442,1.518,19.5332,13.2764,6.087,5.7334,18.23,19.692,20.1414,19.2914,20.511,18.809,10.415,20.4966,19.8302,9.5898,19.796,20.2602,21.1934,17.1988,16.9088,19.7086,18.1304,19.5726,3.7894,18.9482,21.5618,19.8358,10.1802,17.9718,21.0422,19.9784,19.707,20.2552,18.4484,14.6068,19.2758,19.3484,15.6068,13.8774,1.4872,20.035,21.339,18.7052,7.115,10.7228,21.1868,18.2582,19.9994,10.8554,16.6024,21.4466,20.0142,5.9724,0.3384,17.9638,16.9946,21.0898,18.1928,16.0316,20.98,19.0816,20.2756,14.1922,10.2944,19.4386,20.4704,17.0602,24.0094,18.7682
iql_2p_1,19.0816,19.363,2.9458,16.8156,11.1436,16.3336,17.033,18.386,17.5044,18.3006,19.0398,19.91,2.0088,17.2488,13.9582,5.2062,3.5602,14.8936,19.0236,17.8134,19.98,19.4172,17.3068,9.9892,16.7876,17.6998,8.466,19.4406,20.2854,17.0532,21.0776,13.8302,17.3968,19.8486,20.0008,3.1086,15.2538,20.5392,16.5666,10.3614,15.781,15.3042,17.5592,19.3856,16.3426,19.5904,16.7362,13.6298,17.8848,17.105,13.201,1.1438,17.4894,17.3626,15.4154,5.906,8.8556,17.1848,19.0026,19.5232,10.792,16.3258,18.3136,16.2426,3.2782,0.7196,16.7974,20.1164,19.4586,19.9426,19.1682,18.0108,16.5926,18.7938,12.3612,10.0254,17.5648,18.6142,18.7712,18.4774,23.8964
