,sad_aux_op_2p_25001,vdn_2p_770,vdn_op_2p_7772,vdn_aux_2p_940,iql_aux_2p_8110,sad_aux_op_2p_25024,sad_2p_2025,iql_2p_510,vdn_aux_2p_971,vdn_2p_7110,iql_op_2p_700,sad_aux_2p_20025,sad_aux_2p_20024,vdn_op_2p_77112,iql_op_2p_710,iql_2p_310,sad_aux_2p_10,vdn_2p_726,sad_op_2p_2524,sad_aux_2p_20007,vdn_aux_2p_9112,sad_aux_op_2p_25025,sad_op_2p_1,iql_aux_2p_804,sad_aux_2p_20001,iql_aux_2p_8141,sad_2p_2024,sad_aux_2p_20000,iql_2p_210,sad_op_2p_2500,vdn_aux_2p_9142,vdn_aux_2p_9141,sad_2p_2019,iql_2p_7,iql_op_2p_6140,sad_2p_1,vdn_2p_720,vdn_2p_7140,sad_aux_op_2p_1,iql_2p_224,sad_aux_2p_1,vdn_2p_725,vdn_2p_711,sad_aux_op_2p_25007,iql_op_2p_6110,sad_op_2p_2519,iql_2p_111,sad_2p_2007,sad_op_2p_2507,vdn_op_2p_729,sad_op_2p_2,vdn_2p_710,vdn_2p_740,vdn_aux_2p_910,vdn_aux_2p_911,vdn_op_2p_7742,sad_op_2p_2506,sad_aux_2p_20018,iql_aux_2p_800,iql_2p_288,sad_aux_op_2p_25019,sad_op_2p_2501,sad_aux_2p_20006,iql_op_2p_610,vdn_op_2p_7741,iql_2p_4,sad_2p_2000,iql_op_2p_620,iql_op_2p_621,iql_op_2p_618,vdn_2p_7141,iql_aux_2p_840,vdn_op_2p_7711,iql_aux_2p_841,vdn_op_2p_77111,iql_aux_2p_8140,sad_aux_op_2p_25000,vdn_aux_2p_970,sad_aux_op_2p_25018,iql_2p_488,sad_aux_op_2p_2,sad_aux_op_2p_25006,vdn_op_2p_727,iql_aux_2p_811,vdn_aux_2p_941,sad_2p_2006,sad_aux_2p_20019,sad_op_2p_2525,sad_2p_2001,iql_2p_424,sad_2p_9,sad_op_2p_2518,sad_2p_2018,vdn_aux_2p_9111,iql_aux_2p_810,iql_aux_2p_8111,iql_op_2p_600,iql_op_2p_612,vdn_op_2p_7712,vdn_op_2p_7771
sad_aux_op_2p_25001,23.4874,2.974,14.357,17.114,16.932,16.814,0.2604,14.3634,16.7694,12.619,15.3472,12.2534,19.6124,13.0518,13.3092,14.4984,11.1834,7.8926,10.9632,12.9098,15.788,16.8098,7.4074,19.5462,15.3674,15.3216,1.2642,16.129,9.6044,8.6244,14.4038,18.1622,7.1424,15.0052,15.9086,10.8146,11.5296,11.4262,17.2766,13.5734,12.6874,3.1358,13.2176,13.3714,14.9628,8.4052,14.1846,0.0862,0.333,20.1102,1.6692,13.5758,11.8246,17.2354,17.4578,0.4474,0.0128,12.4832,16.2002,13.1786,14.7918,12.5554,11.293,6.3542,4.1766,6.039,9.4932,14.3706,14.9782,15.912,1.667,15.6064,10.0786,15.902,13.4358,15.338,15.3454,15.5908,15.5818,13.2396,15.337,14.8302,14.6042,17.0438,15.2992,0.7148,15.3284,13.0706,7.6912,14.4682,1.6158,8.1282,2.759,16.5194,17.616,16.8088,5.8092,15.4828,10.8604,8.141
vdn_2p_770,2.7744,24.0504,5.4952,6.3536,6.207,4.615,0.9494,3.6546,6.0752,3.2034,4.9056,6.8052,3.8066,4.67,3.9522,4.1618,3.907,0.6428,1.9822,7.806,5.9766,4.7596,1.0486,4.5132,7.3294,6.4666,1.1534,8.1152,2.324,1.6892,7.698,4.9324,0.4814,4.756,5.2348,2.2264,1.946,3.6256,3.8844,5.6778,3.9678,1.42,5.3762,5.1356,6.242,2.496,4.5304,0.4232,0.3318,3.7054,0.092,5.5722,3.4564,4.7804,4.5928,0.1706,0.0,5.4886,8.0708,3.429,6.1276,1.6962,4.5316,2.5992,0.8772,3.8994,0.7446,4.364,4.014,4.6178,0.6702,6.785,2.5908,6.5526,4.8766,5.995,5.7244,6.2496,5.127,3.878,6.221,8.4052,4.6384,3.4562,6.3964,0.0194,5.766,3.6864,1.7052,5.3436,0.1862,2.0224,1.678,8.2018,6.7862,7.2942,5.925,7.1868,2.063,0.976
vdn_op_2p_7772,14.7798,5.287,23.9834,21.3458,20.3286,19.6584,0.1628,20.4148,19.3132,21.8122,22.0806,20.1156,18.5482,22.4998,17.1734,19.923,17.513,15.9256,18.7642,20.6448,19.542,19.5422,13.0336,18.5664,19.7924,18.6548,11.3416,21.0964,11.6586,19.447,20.3232,20.2636,12.497,16.9774,21.2136,19.61,13.1444,12.5784,17.757,19.5236,21.8266,3.4296,19.0448,19.9382,21.1256,15.5272,20.8834,7.4164,0.1088,16.1262,0.155,21.6438,19.884,18.995,20.3662,0.2996,0.0,19.382,20.677,21.187,19.712,16.305,18.7876,4.1004,4.8268,7.1982,15.6116,22.5776,18.9304,22.0312,0.6372,19.4982,17.387,20.5046,20.1936,20.2028,20.6348,20.0512,19.6732,21.1726,20.692,19.6528,17.532,19.1862,21.2808,0.2694,19.2868,19.3572,13.6946,19.1726,1.7212,19.707,13.8958,20.7172,18.27,19.8616,13.112,20.9326,10.106,8.8664
vdn_aux_2p_940,17.1044,6.731,20.9424,23.9246,21.2622,21.7322,0.4388,18.421,21.5646,19.1332,20.5146,23.2734,21.5878,19.8424,16.8272,17.131,19.871,13.2106,17.0328,20.8522,21.893,22.0622,13.1576,19.8588,21.2302,22.211,9.895,22.2522,12.6338,17.4102,21.7378,22.788,10.0118,17.946,20.5462,17.0118,11.3334,14.191,19.8746,19.7358,20.9718,2.9274,18.9084,21.8446,20.3508,16.5308,19.0824,5.6406,0.3008,17.07,0.3028,19.9248,18.4438,21.9508,21.6384,0.5436,0.0028,21.1468,22.5048,18.3332,21.6346,15.4986,21.793,5.6568,4.2436,8.4024,14.9704,20.4234,18.185,21.1378,1.0498,20.794,12.8254,22.3574,19.0362,22.9528,21.8186,23.2206,21.8936,18.677,22.8916,22.4806,19.3774,21.9366,22.7312,0.621,20.515,19.7966,14.3308,19.8692,2.2094,18.2472,9.6112,22.7214,19.8774,20.732,12.141,20.4738,14.6754,6.5336
iql_aux_2p_8110,17.1674,5.6616,20.2782,21.2876,23.442,21.7494,0.1394,16.8044,21.989,18.4498,19.0242,20.856,21.6582,19.137,15.2332,16.8816,18.244,14.935,15.9986,21.6396,21.638,21.2038,12.1818,18.754,21.6106,21.2448,11.1844,22.144,10.9966,16.2948,21.928,21.9316,10.4296,17.6418,19.0578,14.6364,13.2828,15.3628,18.3206,19.1294,19.76,4.3994,19.3296,21.3586,19.444,17.081,17.5864,7.1084,0.6894,16.7736,0.4784,18.958,17.1422,20.0756,22.6284,0.4148,0.0018,21.0496,22.3864,17.7244,22.0208,15.7174,19.8668,6.7304,6.3798,6.027,14.0666,18.9444,17.1112,20.1864,1.1052,21.9022,10.6928,22.1164,19.3464,20.3874,21.441,21.6588,21.9372,17.2382,22.4144,21.8774,18.9934,20.2254,21.8942,0.9318,21.228,18.5352,15.7592,18.9734,1.858,17.089,11.016,21.822,21.0858,21.5442,11.6662,19.529,15.5332,7.754
sad_aux_op_2p_25024,17.2944,4.7516,19.3252,21.7376,21.7714,24.122,0.129,15.8816,21.6902,17.0386,18.2328,22.0848,23.3848,18.3812,14.9744,14.8326,18.428,11.6448,15.5166,21.4168,21.2594,21.9148,10.0424,18.7104,21.8222,20.86,8.785,21.7102,10.5484,15.1676,22.742,22.8582,6.589,18.3216,19.3232,14.2252,11.4376,15.2314,15.386,19.691,19.1322,2.426,18.551,22.581,19.1512,17.2206,16.7932,4.9062,0.3468,16.896,0.2002,18.674,15.4892,21.2322,21.7248,0.115,0.0012,21.5762,21.963,17.0942,22.7138,12.678,21.2848,5.5136,3.3036,5.3922,9.2718,18.6078,15.4712,20.32,1.3504,21.4596,9.463,21.888,18.5166,21.251,22.4668,21.6972,22.3386,17.2062,22.5916,21.7954,20.5476,20.1828,21.8716,0.3506,21.2548,20.4166,15.7178,19.0138,1.028,16.0874,7.8322,21.5874,21.151,21.9802,10.2154,19.5656,14.207,4.4432
sad_2p_2025,0.274,0.9436,0.1692,0.4504,0.173,0.1588,24.0828,0.0868,0.178,0.0424,0.1152,0.236,0.2578,0.097,0.5142,0.1686,0.1656,0.0202,0.073,0.1158,0.2958,0.4832,0.0304,0.191,0.1218,0.3596,0.0346,0.1488,0.1798,0.027,0.1594,0.2808,0.0228,0.1152,0.1742,0.0294,0.0504,0.2436,0.1294,0.3436,0.2002,0.2872,0.0492,0.0682,0.2054,0.2248,0.1958,0.009,0.0164,0.1684,0.005,0.1272,0.1356,0.2052,0.1892,0.0546,0.0,0.2706,0.3778,0.2298,0.1698,0.0532,0.1806,0.0516,1.025,0.0944,0.0276,0.1026,0.1538,0.4032,0.2074,0.151,0.0158,0.25,0.118,0.4062,0.2368,0.6262,0.3384,0.1256,0.1632,0.1344,0.42,0.3262,0.2138,0.0,0.0912,0.4972,0.0584,0.243,0.1492,0.019,0.4342,0.2404,0.3482,0.2022,0.2226,0.6752,0.283,0.3442
iql_2p_510,14.4916,3.2088,20.3206,18.4972,16.8306,15.6814,0.0792,23.3824,16.6762,19.6442,19.7316,16.0152,15.615,20.3676,14.8702,20.1028,16.9294,13.6242,15.5028,17.1186,18.518,15.4322,18.468,18.1084,17.308,15.9204,4.3378,19.012,9.6638,18.359,16.5142,16.4668,16.7202,17.5654,18.5026,17.8706,13.2424,11.6788,15.2588,18.3614,17.8014,3.3224,17.975,17.9312,19.146,14.4308,18.2036,0.7604,0.209,16.1844,10.5044,19.7858,16.5388,17.383,17.6674,0.3312,0.0102,16.6846,17.4402,18.8752,16.9112,20.0312,14.436,4.3682,3.9576,5.8646,19.1266,20.8474,20.2388,20.8728,0.3292,16.8196,17.088,17.925,18.5134,16.6664,18.8542,15.9014,18.049,19.3572,16.1516,16.188,15.7772,17.545,18.7086,0.5426,16.6552,16.7186,13.983,16.9286,1.3402,17.964,4.9972,17.8252,16.8446,17.1104,6.7124,19.25,12.5028,8.59
vdn_aux_2p_971,17.0506,6.2872,19.1944,21.6456,22.0476,21.6388,0.1496,16.7134,24.2982,16.361,18.6706,20.8686,21.916,17.938,16.9598,15.7534,20.3516,11.906,17.2034,21.898,22.5486,23.2722,9.8182,18.6062,20.7792,21.8722,12.191,21.9106,10.6374,12.4334,21.5504,22.044,5.7148,20.1042,20.0924,13.4828,14.2958,16.9246,19.4148,19.3374,19.1878,2.6848,18.5006,20.5998,19.5078,15.8842,16.8432,4.5228,0.5362,18.2938,0.581,18.96,16.8116,21.4872,21.6656,0.7626,0.015,21.6108,21.6644,17.3422,20.9544,12.021,20.709,6.9472,4.1642,6.2998,9.9796,18.7306,17.0502,19.6874,1.6296,22.528,9.391,22.4782,17.783,21.7232,20.4566,22.6458,21.8152,16.4252,23.2422,20.8352,20.5272,21.3216,21.5572,1.402,21.909,19.5696,15.3872,20.2802,1.544,13.5244,6.8778,21.7754,21.2758,21.6926,11.0314,20.1166,17.0874,5.928
vdn_2p_7110,12.7552,3.1278,21.6936,19.4026,18.8484,17.4968,0.0626,19.8404,17.055,23.747,20.461,18.7678,16.364,21.62,14.6664,20.0312,16.277,14.2136,19.8686,20.1484,17.3852,17.4064,12.2894,15.9144,19.4166,16.4272,6.3876,19.7278,7.9174,21.2648,19.605,17.7748,13.738,14.2224,19.2036,17.505,9.4208,12.6962,14.8828,15.2816,21.2306,2.2046,18.8154,17.9204,20.1094,17.1212,21.3582,8.1332,0.0236,14.1192,0.1772,21.4176,17.4464,16.043,19.3504,0.268,0.0006,18.233,20.737,19.3646,17.924,18.2096,17.1548,2.445,3.9318,5.736,17.2866,21.5662,18.0528,20.2154,0.2776,17.159,17.4214,18.0588,20.1908,17.0364,19.1408,17.8932,18.0316,17.3642,17.8686,18.8322,17.0498,16.9126,18.506,0.2156,18.4152,19.0194,14.9296,15.6268,1.0316,20.2766,7.7098,19.0158,17.428,17.826,9.6494,20.0022,10.5326,5.4484
iql_op_2p_700,15.7552,4.9458,22.1598,20.6252,19.3348,18.4932,0.1372,19.8868,18.7758,20.4058,23.995,18.764,17.6702,22.4774,19.7354,19.8858,17.8084,16.159,21.339,19.5696,18.5044,19.4826,12.8432,18.298,17.589,17.5466,10.9802,19.9914,12.6986,18.3376,18.772,19.2394,11.1172,16.0164,22.6244,19.0382,12.5282,12.3952,17.973,19.3844,22.2518,2.3074,18.1064,18.7928,21.3456,12.615,22.0108,6.736,0.1012,15.2534,0.2472,20.9202,20.0104,17.5158,19.3316,0.7398,0.0538,17.299,20.2754,21.983,17.7056,14.87,17.301,4.48,2.86,7.2444,14.4614,22.5914,18.5822,22.218,0.7718,18.2868,18.6742,19.5082,19.2476,20.0506,18.8796,19.0756,18.6702,20.8186,20.189,18.3006,15.06,18.3716,20.728,0.3878,17.0576,16.891,11.2036,19.571,2.2572,17.9332,12.5676,19.9378,16.9568,18.0132,13.7436,20.7572,11.2524,9.765
sad_aux_2p_20025,12.4414,6.6298,20.1374,23.2804,20.7864,22.1452,0.2168,16.2464,20.906,18.3846,18.4004,24.0286,21.523,19.0264,12.8708,15.939,17.9052,14.3018,14.7886,19.8948,20.9594,21.6374,13.262,17.176,22.1498,22.4928,11.1272,21.63,10.1928,16.5494,22.5738,22.5784,7.5738,17.5854,19.0304,14.429,12.033,11.6918,17.3662,20.0854,18.8182,2.7378,19.285,21.873,19.1186,17.1636,15.7108,6.4702,0.444,15.597,0.4014,18.3874,15.572,22.379,21.5734,0.238,0.0002,21.7862,22.1814,17.6814,21.8808,13.8126,21.5428,4.4316,3.4866,3.8052,12.1458,18.9458,15.5232,20.2404,0.5816,19.7214,10.114,21.749,19.0224,22.9806,21.8006,23.0218,21.8002,18.4542,22.2526,21.2508,19.5592,21.368,21.6846,0.4532,20.392,19.1354,15.1736,18.5228,1.1248,17.6348,7.5446,23.0168,20.1662,20.7624,10.5884,18.9846,14.2174,3.1004
sad_aux_2p_20024,19.6554,3.6648,18.3112,21.8286,21.7966,23.2864,0.238,15.6874,21.8896,15.2368,17.453,21.4998,24.1004,16.6108,13.5752,13.6952,19.2326,10.816,16.0378,20.8638,21.9282,22.4452,9.369,18.974,20.8734,21.8118,10.0268,21.4844,12.1324,12.0592,21.6276,23.3346,5.6838,17.4676,19.5254,13.9328,10.068,14.3984,17.2578,18.864,17.3468,3.929,18.365,21.8372,18.558,12.7172,16.3244,4.0458,0.6344,18.1226,0.2684,18.1044,15.1252,21.7456,22.1122,0.5632,0.0022,20.7842,21.8602,15.864,21.9374,11.942,20.3816,6.301,4.2854,6.7978,8.563,16.4516,14.9556,18.8404,1.7466,21.8986,9.3536,21.3612,18.0572,21.5634,21.1284,21.8176,22.5056,15.8346,22.9712,21.4992,19.55,20.8294,21.3074,0.772,20.5606,18.3528,11.361,18.6438,2.227,12.5838,7.6628,20.8714,21.436,21.4284,11.449,18.0972,16.1692,7.2506
vdn_op_2p_77112,13.4478,4.6032,22.5608,20.3286,19.1444,18.615,0.0918,20.5812,18.3848,21.6706,22.4274,19.0988,17.3042,23.639,15.8032,20.0028,18.5644,15.4556,21.0138,20.3096,19.2076,18.605,14.8654,17.9758,19.0356,17.9592,10.9832,20.603,10.526,21.2864,19.4288,19.2302,12.932,15.9564,21.3984,20.7328,11.2966,12.5912,16.808,19.1186,21.458,1.6834,19.9616,19.6072,21.6588,15.357,21.9686,8.774,0.0412,15.3798,0.139,21.9594,19.0724,17.9158,19.6168,0.205,0.0,18.7208,20.3826,21.6984,19.0862,15.5964,18.2788,3.3574,3.2612,6.5714,16.931,22.9458,18.7576,21.6118,0.4454,18.4684,17.9608,19.4448,21.1402,19.7716,20.3448,19.1604,19.5234,21.2474,20.0442,18.3346,16.7372,18.4108,20.676,0.27,18.2402,18.2506,13.5648,19.0226,1.0422,21.4178,11.7802,19.8484,17.4948,18.6132,11.5716,20.7418,12.5756,7.756
iql_op_2p_710,13.214,3.995,17.1966,16.4466,14.761,14.8716,0.4452,14.9198,16.8838,13.8532,19.5378,13.1134,13.704,15.688,23.86,14.992,12.018,7.5198,15.6192,14.1894,12.647,18.6462,5.2272,15.3378,12.2308,12.559,6.6604,14.8228,8.0144,9.4856,16.7192,14.869,6.1178,19.5522,17.4514,10.3268,12.3564,11.9968,13.1892,12.493,18.1056,1.6576,10.8176,12.988,18.0474,12.5056,16.585,2.9838,0.0996,12.3784,0.0748,15.7622,17.3402,13.9022,14.2988,0.7276,0.037,12.4684,16.1042,15.2402,12.2054,8.3258,14.4992,4.6766,2.4864,5.4166,8.1616,18.4754,18.6704,18.4894,0.5836,14.7632,14.6936,17.4236,10.7968,15.9996,13.3034,16.281,13.2,13.9436,15.6704,13.5454,16.106,16.0272,16.0708,0.554,14.0058,17.9346,10.7704,16.6328,1.5892,9.2368,8.6008,16.3604,12.1304,15.9134,8.9472,21.3948,13.039,5.7078
iql_2p_310,14.8414,4.4182,19.8258,17.2866,17.3172,14.818,0.2318,20.1704,15.7452,20.102,19.7882,15.8838,14.1534,20.1308,15.4146,23.3486,15.2682,15.0162,18.2248,17.768,16.406,14.475,17.8716,17.8196,17.5082,14.5756,2.8216,18.7174,9.6264,19.676,16.668,16.1296,15.64,16.034,18.861,15.8022,11.532,9.9874,15.6892,15.6974,17.0378,3.0664,18.0514,16.3056,19.2532,16.488,18.4054,0.9094,0.204,16.0618,11.2424,19.9626,17.5816,14.9816,17.0306,0.3464,0.008,15.4998,17.8448,19.4992,16.4856,20.3998,13.4164,4.474,5.0558,7.6008,21.269,20.381,19.581,19.6328,0.3694,16.4084,17.5536,16.1782,19.4022,15.2606,17.6992,15.7012,16.5608,16.8944,14.9738,17.076,16.6664,14.9566,17.3156,0.7878,17.2406,17.1284,15.5642,16.338,1.6904,19.2258,5.8336,17.265,16.608,16.511,7.2686,18.3936,12.7106,7.8152
sad_aux_2p_10,11.6584,3.958,17.4096,20.065,18.3524,18.0496,0.119,17.0682,20.5018,15.8608,17.9962,18.3938,19.2658,18.162,12.5536,15.6922,24.042,11.9654,15.2952,18.4104,22.184,18.0104,15.13,15.103,17.0734,20.4478,15.3184,20.7516,9.063,14.0672,17.713,18.4462,3.732,18.5916,17.8912,15.6792,10.2216,15.9816,14.3842,20.4276,17.0202,2.3288,20.4716,19.8622,18.5906,13.3206,15.9204,6.8086,0.055,14.343,0.2648,18.3574,14.7048,19.3864,18.907,0.1352,0.0008,20.985,18.7874,17.9366,18.8046,12.7804,17.7,2.3994,1.5818,3.4544,11.0384,18.5886,13.7056,18.0852,0.292,19.2454,10.2634,18.642,20.4828,19.109,18.508,19.4816,21.6848,17.8028,20.695,16.527,18.4678,18.9204,19.9806,0.211,17.0746,14.801,13.0052,20.36,0.791,14.7608,4.2386,18.1982,18.1804,17.0884,9.6248,17.9148,14.6192,4.5828
vdn_2p_726,8.4864,0.6806,16.246,13.8104,15.5184,12.6214,0.0272,14.2116,12.2046,14.2466,16.0848,14.7244,11.8216,15.6652,7.5896,15.0554,12.5078,23.7258,13.6244,14.7604,14.1742,11.857,12.6022,12.2624,14.3334,12.2196,3.0308,16.693,6.9782,13.9706,13.4982,13.8282,8.0936,8.9178,14.6732,9.9462,4.0518,7.0392,10.5284,15.0916,13.667,5.53,17.842,15.938,14.5552,9.604,13.2776,2.5094,0.0726,10.4688,0.2092,12.8472,13.1902,12.7758,14.0174,0.0312,0.0,16.8348,13.6352,18.4366,15.9516,11.88,9.118,1.43,3.5004,2.0196,11.8816,15.443,11.645,15.2586,0.2376,13.6868,10.8376,12.9606,16.3522,12.5458,14.4586,11.434,15.0922,15.7406,14.766,13.8574,9.3012,7.6416,15.1204,0.0474,13.5304,8.8766,8.2976,11.3456,0.1128,14.7006,4.563,16.3644,14.6432,13.3756,6.168,14.4504,9.4912,5.6132
sad_op_2p_2524,11.4862,1.8378,18.568,17.5594,15.2156,16.0334,0.0762,15.919,17.02,19.4824,21.0724,13.3814,16.1558,20.8348,15.2784,18.0724,15.206,12.9258,24.0786,16.4634,14.355,17.4228,8.0858,11.6238,12.9886,13.4532,5.5036,17.0598,6.913,14.7478,14.7316,16.6098,11.273,13.9572,21.0072,16.3108,7.2034,9.6112,11.3194,15.26,20.6452,1.6162,16.5336,14.7442,18.2108,9.9602,20.5976,2.38,0.0192,12.9286,0.0596,20.4582,15.0936,14.2516,16.9552,0.0542,0.0018,12.6408,16.2104,19.5786,14.1896,12.0226,14.0066,2.98,1.9274,3.6782,13.5752,21.2964,14.7578,20.6444,0.224,14.1762,13.124,15.0004,16.462,16.3998,15.0768,15.4662,13.4006,17.6758,17.9704,13.4516,13.4506,13.4194,17.5608,0.143,10.6432,17.2918,7.9454,15.216,0.7266,15.7524,6.3066,16.273,13.1978,13.544,8.4976,19.1884,6.4514,8.2492
sad_aux_2p_20007,13.0268,7.5068,20.5852,20.9784,21.652,21.4352,0.1164,17.2228,21.6234,19.9176,19.304,19.8936,20.914,20.2448,14.2074,17.573,18.3186,14.709,16.0576,23.8984,21.3858,20.842,13.4304,18.1908,21.4012,18.8988,8.067,21.059,7.9278,18.9812,21.696,21.0284,5.3824,17.0454,18.6378,15.577,10.5834,12.6042,16.534,17.6128,20.2586,2.1092,19.1548,21.6882,19.8294,18.3044,18.5206,6.5816,0.2188,14.6174,0.4858,20.4578,16.7916,20.9144,21.74,0.0752,0.001,20.8728,21.3748,18.2628,21.768,15.6344,21.721,3.257,3.86,4.3044,15.2358,19.9416,16.8818,20.1282,0.3928,22.2358,12.8766,21.4588,19.7898,20.8676,21.9092,19.8742,21.7524,16.7714,22.0532,21.5784,19.601,20.0238,20.5582,0.59,23.0714,19.0044,17.9234,17.8706,1.2444,19.562,6.9608,20.8042,21.7554,22.9758,10.0306,19.7212,13.2018,3.1098
vdn_aux_2p_9112,16.1652,6.0518,19.3464,21.9446,21.3932,21.1582,0.3614,18.4796,22.5936,16.8494,18.0798,20.8212,21.8762,18.8272,13.5062,16.2516,22.3066,13.56,14.9182,21.2118,23.8738,20.8736,13.8228,18.5158,20.1146,21.9984,14.2524,22.6106,10.4104,16.409,19.6392,21.512,9.2604,18.8794,19.2176,16.3546,11.7378,15.0624,19.4908,20.6748,17.4594,4.0682,20.3552,21.4932,19.6844,17.2392,16.4842,7.2424,0.3188,17.5116,0.1952,19.3738,16.986,21.649,20.9524,0.4876,0.0014,21.5718,20.9084,17.484,21.8176,16.4716,20.702,4.6092,4.9394,7.4544,14.6126,18.8132,16.6296,20.1198,1.107,22.7544,9.59,21.3958,20.5234,21.301,21.5476,21.831,22.4812,17.8578,22.2748,21.2352,19.914,21.2714,22.4522,0.796,21.6138,18.1424,16.2554,20.032,1.283,17.3018,7.0864,20.433,20.9142,20.7616,11.458,18.9738,16.3192,6.1368
sad_aux_op_2p_25025,16.8528,4.4916,19.244,22.0008,21.2508,21.911,0.4578,15.8386,23.2844,16.4584,19.337,21.6854,22.323,18.169,18.4348,14.74,17.555,11.0652,17.513,20.7074,20.8886,24.0942,8.144,17.7716,20.3586,21.2824,8.4364,20.8346,10.6354,12.0248,21.6976,23.0458,5.4318,19.4732,20.7908,13.6188,12.1408,15.1636,18.7158,17.7668,19.998,1.7862,16.5542,19.7594,19.2838,14.503,17.4636,2.4258,0.2458,16.7128,0.1926,19.2202,16.9,21.3716,21.6704,0.5904,0.0492,19.4242,21.8956,17.0174,19.2842,10.7666,20.991,5.3942,2.2984,5.486,7.7368,19.1408,16.341,19.764,1.1386,21.276,11.0574,21.9498,16.1654,22.5704,19.6692,22.6522,20.819,17.0264,23.4974,20.4112,19.4092,21.7008,21.0178,0.6336,20.8018,20.2796,13.3254,19.6356,1.35,12.4942,7.233,21.8436,20.418,21.2246,10.3408,20.4984,14.2766,5.55
sad_op_2p_1,7.4848,1.219,13.933,13.799,13.1836,11.3112,0.0296,18.8778,10.9402,14.1224,13.3292,14.005,10.1752,15.4838,6.0458,18.174,15.7886,12.962,9.1158,14.4448,15.37,9.006,23.786,12.947,16.4196,12.8316,1.5332,15.3694,3.3558,15.8262,12.3042,10.5666,15.2342,10.0114,12.9306,10.4332,7.559,8.5824,9.0656,14.5012,12.3996,2.181,16.188,14.4134,15.8866,11.6258,12.9526,1.0414,0.0016,10.463,7.7232,14.3256,10.3812,11.8128,13.3092,0.0288,0.0,15.0156,12.821,14.5346,15.2218,14.24,10.1028,1.1484,1.2776,2.412,18.5542,14.4498,12.3926,14.8618,0.1,13.8272,11.3428,14.0956,13.5594,12.2512,15.6676,11.4106,15.6606,15.8112,11.7898,10.7794,10.5844,9.3588,15.6374,0.0316,12.1952,10.0186,10.5846,12.494,0.4882,15.9596,1.8268,13.7004,12.7548,12.1852,2.677,13.4308,5.0076,3.4602
iql_aux_2p_804,19.4994,4.1614,18.4728,19.9024,18.8316,18.6086,0.2308,17.84,18.6624,15.4472,17.9276,17.0378,18.8166,17.4888,15.3964,17.4298,15.0558,11.9012,11.8024,18.2516,18.5242,17.7154,12.749,23.9528,19.1882,17.3926,2.6472,19.0484,10.3478,13.8118,18.5294,19.028,12.3734,16.9406,17.7636,13.1932,14.0806,14.3438,19.114,17.6952,17.5586,4.649,16.619,17.2816,18.2088,14.703,16.7516,0.453,0.5784,18.2906,5.076,17.5688,15.798,18.9888,18.9638,0.5254,0.0176,16.2688,18.8112,15.5982,19.535,16.2606,17.3064,6.7666,6.2128,6.8886,15.6716,17.9492,18.6262,19.1502,1.8176,19.148,12.154,19.0346,16.9464,18.3068,19.756,18.8198,18.911,16.88,17.9332,18.5604,17.2532,18.6498,19.3206,0.6696,18.5046,17.0942,12.753,17.4704,2.3564,14.6424,5.8924,18.4822,19.1174,19.4508,6.3068,18.2656,13.0802,9.083
sad_aux_2p_20001,15.617,6.6874,19.415,21.4356,21.6996,21.7666,0.1648,17.1626,20.901,18.8742,17.1444,22.0898,20.7706,18.7688,12.6994,16.876,16.8862,13.6792,13.2258,21.4098,20.1642,20.6316,15.1036,19.0234,23.4652,20.405,6.7662,21.058,8.5814,18.6178,22.979,21.9522,12.4242,17.946,17.3152,14.865,12.174,16.4786,17.8186,18.2272,19.7252,3.5234,19.901,21.7914,19.7884,20.5596,16.2202,10.0812,0.408,17.0524,0.2076,18.691,14.7212,20.9392,22.5818,0.2848,0.0032,21.678,21.9144,16.5688,22.0726,16.2038,20.9768,4.742,5.3286,5.0352,16.5138,18.389,17.4316,19.3976,1.1798,19.81,11.1554,22.0468,19.2746,20.0628,22.1684,21.2572,21.8252,16.7286,21.582,21.3612,20.8558,19.8548,20.7866,0.8974,21.4854,19.731,19.4812,17.6652,1.147,19.0544,8.2328,22.5446,21.3024,21.8798,8.5178,19.623,13.3644,4.361
iql_aux_2p_8141,15.3772,6.5992,18.4036,22.2462,21.2294,20.7508,0.3762,15.92,21.8766,15.802,17.4836,22.4656,21.7496,17.7284,13.0758,14.654,20.362,12.0126,13.7886,19.2538,22.0352,21.3394,11.9678,17.4454,20.6694,23.9086,10.792,21.9398,10.86,13.7412,20.9418,21.864,7.7214,17.3992,18.2162,15.1812,10.2674,16.7488,17.874,20.2358,17.9976,3.3912,19.3742,21.0004,18.6798,14.4942,16.0898,7.5494,0.5726,17.0786,0.5026,17.9082,15.3572,21.7382,21.8226,1.1168,0.0122,21.0806,22.3266,16.1978,20.8942,13.1106,20.441,5.4528,4.485,6.6624,10.5174,17.4874,14.6288,18.6618,1.317,20.5962,8.5478,21.2432,19.1784,21.8732,20.1736,23.3034,22.0782,16.9868,22.2474,20.2028,19.059,21.6058,21.7298,1.0344,19.377,16.8702,12.1942,18.3978,1.8582,14.6184,8.1886,21.5784,20.0412,19.676,11.7736,17.907,17.465,5.5416
sad_2p_2024,1.4522,1.1114,11.3228,9.761,10.909,8.8474,0.0328,5.8648,11.7152,5.9642,11.255,10.6346,10.7444,10.4528,6.651,4.1544,15.1464,2.6106,5.4032,8.5456,13.2774,8.7532,1.8744,3.289,6.5484,10.1724,24.1248,10.8,2.8986,4.4506,11.1892,10.3096,0.0532,15.2154,11.2196,7.603,5.6676,12.2968,4.2516,10.4318,8.5364,0.0658,13.9014,10.5404,12.2806,6.5256,6.3282,1.4634,0.0148,4.2864,0.1186,11.2444,7.2718,12.7942,10.2568,0.022,0.0004,15.2868,10.4116,11.1016,8.3896,2.6622,7.101,0.1762,0.054,0.4684,0.1194,12.1328,2.992,5.5948,0.2526,11.2218,6.7354,9.6638,13.6308,10.489,7.2894,9.61,12.0468,12.0686,10.8814,6.192,12.3176,10.3114,10.7484,0.0146,10.0152,8.1766,5.0788,11.7136,0.0146,5.6902,2.3736,12.4316,11.5616,11.0012,2.6136,13.1302,9.3794,0.3574
sad_aux_2p_20000,16.4658,7.4182,21.067,22.444,22.143,21.6908,0.1504,18.9078,21.9376,19.5918,19.7636,21.6396,21.5668,20.6572,15.298,18.4648,20.5896,16.2822,17.1786,21.1606,22.611,21.1168,14.0474,19.077,21.1382,22.0692,11.187,23.5418,10.987,19.3238,20.9252,21.6832,10.8156,18.2328,19.849,17.7456,13.465,13.6594,18.4204,20.183,19.47,4.071,20.4558,21.7862,20.418,18.7332,18.3678,6.1416,0.3426,17.6,0.815,20.7162,19.1428,21.075,21.747,0.4508,0.004,21.9116,21.6846,19.02,22.0288,17.9146,20.444,4.3808,5.7388,6.824,17.1042,20.5206,18.3692,21.175,0.6944,21.7304,15.0808,22.0686,20.6012,20.9588,22.5444,22.4034,22.2788,18.3054,22.107,21.589,20.4164,21.4552,23.0754,1.3056,20.7012,20.5568,16.7124,19.6614,1.5742,20.0552,9.2468,21.5438,20.7216,20.5828,11.054,20.4586,13.401,6.0844
iql_2p_210,9.4504,2.2598,11.7136,12.8068,11.5738,10.0418,0.1934,9.2038,10.5614,7.554,12.379,9.4548,12.5256,10.3228,7.7454,9.4356,8.787,6.492,6.861,8.2958,9.9174,10.4806,2.9002,10.391,8.6006,10.9736,2.996,10.9842,23.8912,3.9142,10.101,12.7722,0.9118,6.278,12.4064,4.8566,3.0508,4.6226,8.7624,9.0714,10.9156,0.8694,8.1302,9.5008,10.463,2.3664,9.254,0.4168,0.019,8.9756,0.0736,9.2614,5.9682,11.6078,11.9686,0.3206,0.008,8.0288,13.5892,12.6054,7.7642,4.6576,6.8792,3.941,0.53,4.6176,2.5366,11.2236,9.7878,12.0396,0.4174,10.244,9.032,9.7742,7.6788,12.727,8.898,10.6828,9.2218,7.8994,12.3826,11.3374,6.318,11.6376,10.2908,0.2616,8.2382,5.6278,1.935,8.1434,0.6578,3.2242,5.7706,12.1596,11.6942,12.2894,11.003,10.8806,5.5556,4.079
sad_op_2p_2500,8.7076,1.5748,19.6416,17.7466,16.331,15.4952,0.0342,18.7632,13.0062,21.198,18.2576,16.7348,12.676,21.2822,9.713,19.7608,14.7524,13.8882,15.0352,19.1042,16.6042,12.8656,14.5096,13.8594,18.8938,14.2908,4.7496,19.4272,4.2102,23.2516,16.0964,14.1466,18.0582,10.7652,16.815,20.2822,6.3572,8.5486,9.6438,14.2992,17.068,1.5272,17.554,17.76,18.822,18.5042,19.8676,9.907,0.0024,8.6626,0.0396,21.0052,16.5278,14.743,16.8002,0.0324,0.0,17.3694,16.8118,16.9486,18.0682,17.5634,15.6814,0.8936,1.107,2.8648,18.9696,20.705,15.8758,17.8268,0.0586,16.581,17.343,16.466,19.1472,15.4348,20.01,14.7872,15.647,16.7682,14.9984,15.225,14.3654,12.5872,19.7814,0.0674,14.9364,15.2448,16.798,15.2202,0.2,22.9806,6.1758,17.4286,14.656,15.927,4.6344,18.021,6.7048,3.455
vdn_aux_2p_9142,14.7664,7.7252,20.1642,21.8128,22.1106,22.7466,0.2406,16.3296,21.6008,19.3796,18.5194,22.759,21.4338,19.292,16.3614,16.275,17.3784,13.054,15.2572,21.656,19.9082,21.8542,11.3326,18.5854,23.023,20.7774,11.8354,20.8402,10.0116,15.8204,24.1144,22.582,5.9794,19.1926,19.1032,15.6654,14.1172,15.6064,17.3906,18.8434,20.6068,2.6802,19.1384,21.949,19.9708,18.2694,17.6254,6.4484,0.7672,17.3174,0.593,18.9684,16.7752,20.9116,22.4826,0.354,0.0094,21.6022,22.7628,17.968,22.0926,13.6224,22.0542,5.6768,4.3764,5.029,12.1066,18.9684,17.1648,20.3292,1.2408,20.2602,10.1162,22.2406,18.2788,21.1126,21.7364,22.3208,21.7072,16.579,22.304,21.9504,21.0514,20.1684,20.7928,1.3854,21.6168,20.66,17.388,18.6782,1.9484,16.7792,8.3524,22.9314,20.37,22.3002,10.6266,20.4304,15.7228,4.4164
vdn_aux_2p_9141,18.256,4.4542,20.0828,22.7072,21.7862,22.7684,0.2462,16.1204,22.1514,17.1458,19.163,22.4944,23.3128,19.1634,14.9882,15.6214,18.6256,13.358,17.3556,21.076,21.3518,22.9854,8.9652,19.1612,21.8286,21.818,10.3628,21.5842,12.3382,14.0238,22.2808,24.156,7.6862,18.2952,20.6296,14.7816,10.8852,15.0358,18.6488,19.4954,19.528,3.6326,19.7924,21.7732,19.636,14.495,17.4002,4.358,0.6138,17.6432,0.3812,19.2348,15.9996,22.075,22.3728,0.3588,0.006,21.489,22.2068,17.8108,22.0238,13.5904,20.3528,6.064,5.144,6.2014,10.329,18.7984,16.7462,20.2558,1.6238,20.8474,9.5906,22.229,19.4822,22.4822,21.5512,22.2684,22.1708,17.9178,23.5348,22.241,20.3024,21.1516,21.7694,0.4198,20.9564,19.4838,13.6212,19.3862,1.3528,15.4896,9.298,22.629,21.6746,22.0508,11.661,19.3652,15.9554,7.3622
sad_2p_2019,7.6882,0.4772,12.4078,10.8006,10.6068,6.882,0.023,17.3166,5.9566,13.8764,11.372,7.7604,6.2482,12.9698,6.4842,16.0498,3.8638,8.4178,11.2912,5.322,9.4792,5.9124,15.7386,12.9682,12.534,8.1976,0.029,10.5968,1.0054,18.0126,5.9182,8.266,23.4486,7.8856,9.152,14.5436,8.0116,4.4728,10.7264,10.627,8.333,1.772,12.7216,9.2472,9.01,9.3668,10.2892,0.0,0.0114,9.001,10.1766,12.7118,8.3362,10.1604,9.7358,0.0178,0.0,7.9384,7.9556,10.2528,6.6,18.173,4.8942,0.5898,1.7304,1.8646,18.4452,11.8206,14.6116,13.9464,0.0754,10.0972,8.651,9.789,11.5816,7.7312,12.9656,6.7584,6.1408,14.5702,6.357,10.2516,10.94,7.9984,14.9814,0.0206,9.9284,8.1772,8.4004,9.0292,0.1858,11.5632,2.1818,11.0346,7.6084,11.0196,0.4762,9.9888,5.0436,2.5784
iql_2p_7,15.3696,4.4156,16.704,17.3286,17.2348,17.9354,0.117,17.2006,20.0386,12.184,16.3726,16.9606,17.4752,15.5976,19.7192,15.4384,18.1554,7.79,13.6214,16.3462,17.99,19.1288,8.2072,16.7242,16.704,16.5902,14.8118,17.67,6.4266,9.7362,18.8736,17.9054,7.0534,23.8642,16.0784,10.5412,17.881,17.6122,16.159,18.4818,16.4366,2.4948,16.4996,17.3506,19.421,16.0818,14.5954,6.1964,0.1358,15.253,0.0938,15.9446,15.9504,18.1292,16.727,0.4316,0.0088,18.522,18.0702,15.5404,16.4828,9.652,16.4044,4.0708,2.355,4.3668,8.163,17.2494,18.2572,17.3072,0.6128,18.1648,12.5292,18.8388,15.7636,17.0806,15.3716,18.1324,18.6312,15.1794,18.7864,15.9666,19.6988,17.4104,16.6894,0.3366,18.1632,17.4196,17.8266,18.187,1.2904,10.2398,7.9344,18.8964,18.0538,18.64,7.477,21.2916,17.3012,6.3314
iql_op_2p_6140,16.1208,5.5638,21.3076,20.7162,19.4294,19.6218,0.1904,18.7336,20.2212,19.2258,22.6222,19.0112,19.8202,21.371,17.6264,18.811,18.3508,14.3642,21.1438,19.1126,19.3076,20.936,11.9174,18.2632,17.7284,18.4352,11.4254,20.1568,12.536,16.4972,19.5396,20.9248,8.8486,15.9232,24.078,18.0972,11.54,13.3996,18.2788,19.2238,21.5182,2.3056,18.715,18.9946,21.1652,11.5004,20.9648,6.8692,0.2044,18.0236,0.088,20.4548,18.1746,18.5922,19.8844,0.7276,0.02,17.6296,20.2234,21.3002,17.8828,12.8436,17.3888,3.9626,2.5878,6.444,11.7084,21.4782,17.6366,21.899,0.9654,18.4184,16.705,19.185,19.7464,20.7354,18.6432,19.6904,19.4466,19.666,21.898,18.1406,17.1878,18.61,20.4112,0.4052,17.2284,17.9994,10.5906,20.3418,2.0028,16.5364,9.0078,20.1316,17.5468,18.7926,13.7782,20.4024,12.8202,9.5076
sad_2p_1,11.1176,2.411,19.8324,17.7832,14.5296,14.7156,0.0504,18.385,14.0438,17.2574,19.205,15.5552,14.9482,20.8458,11.1428,15.8602,16.1068,9.3832,16.988,15.892,16.7642,14.39,9.7804,13.3492,14.9606,15.2826,7.8342,17.5496,4.943,20.2988,16.1226,15.3112,14.7286,12.1462,18.2616,23.8336,6.647,7.76,10.2974,15.5192,17.608,2.0552,16.8422,17.6128,18.0358,12.7192,18.4966,8.0832,0.0094,12.9544,0.0826,19.5568,15.1166,17.0454,16.2788,0.039,0.0,17.294,15.8382,19.6106,15.2468,17.5798,15.6116,0.874,2.7052,2.8468,16.2708,19.6692,15.44,17.6598,0.188,14.3198,12.923,14.8198,17.9144,18.2226,17.8838,15.1334,15.5636,18.6164,15.197,15.2692,16.5034,16.9842,17.4056,0.028,14.4548,16.1804,12.3828,15.2426,0.5674,18.8202,8.118,16.86,13.678,16.2692,7.5406,17.8136,9.0116,5.5198
vdn_2p_720,11.9378,1.8792,13.1032,11.8448,13.8634,11.378,0.0616,13.9028,14.0236,9.3144,12.4472,11.8858,10.4726,10.859,12.419,11.3822,9.6914,4.1408,8.0444,10.4564,11.804,12.213,7.3304,14.4648,12.5668,10.548,4.187,14.0926,3.242,6.1508,14.1992,11.5458,7.4618,18.2196,10.8838,6.3,24.0174,12.2866,11.55,12.7198,11.836,2.858,14.5158,11.8782,13.8704,13.0408,9.5212,0.4436,0.0992,13.8022,4.1362,11.1968,11.1692,13.4224,11.148,0.0988,0.0,12.4184,12.3538,9.5612,10.4392,13.2094,9.9072,4.1762,3.7854,3.5878,7.8738,13.4378,17.2366,14.9644,0.2462,13.348,6.562,13.6016,12.3272,10.2838,10.6816,12.8802,13.1002,9.925,11.1114,12.314,16.3222,11.6184,11.8924,0.0476,15.416,13.0304,12.2702,13.1756,0.2588,6.9914,3.4474,15.3408,13.1904,13.2044,3.8178,16.7862,15.4152,3.699
vdn_2p_7140,12.0314,3.654,12.1304,15.1676,15.2364,15.2422,0.2264,12.4138,17.4582,12.5052,11.9942,12.4596,14.7266,12.3976,12.1338,10.6158,16.064,6.6934,9.609,13.6928,15.3588,15.8762,7.475,14.829,16.9888,16.7964,11.987,13.5706,4.5394,8.3578,16.0846,14.9162,4.2534,17.7406,12.8264,7.2512,12.7974,24.1316,11.5598,14.5478,10.7286,2.3306,14.926,13.7348,15.2884,11.5234,9.4174,4.4864,0.2004,14.1936,0.161,12.9286,10.3504,15.749,17.7912,0.1118,0.0108,12.1074,15.1728,10.4462,13.5704,8.6154,14.9268,3.0256,2.2834,3.0694,6.3956,12.4416,14.177,14.9688,0.5116,14.5282,4.2158,17.1534,13.275,14.7004,14.5756,16.12,16.5536,10.8074,15.9768,12.9042,18.2828,16.0362,14.7298,0.7514,13.5854,13.6652,9.3614,14.8576,0.6786,6.5994,1.8916,14.1428,13.7824,14.7046,6.1706,17.1262,19.2924,5.0152
sad_aux_op_2p_1,17.5592,4.2468,17.4786,20.171,18.3084,15.454,0.1514,14.9976,19.3992,14.5632,17.7224,17.3476,16.8972,16.5076,13.3888,15.8006,13.964,10.2608,11.6932,16.4758,19.5856,18.4614,8.7288,19.2586,17.8952,17.765,4.6164,18.3274,8.8524,9.2588,17.4028,18.732,10.0672,16.489,17.883,9.8136,11.3416,11.1532,24.1432,16.3464,15.9802,3.0608,14.8378,15.537,17.3272,9.428,14.7708,1.0082,0.212,17.6116,0.3282,16.0558,12.8584,18.8446,18.8944,0.5288,0.036,15.038,18.813,16.119,15.6848,13.6722,14.9396,4.3066,3.9582,3.7428,12.8386,17.2884,16.6252,18.0998,0.8108,17.1792,10.605,18.8312,14.0886,18.6832,16.9652,19.0282,17.172,15.8762,18.6874,16.7346,14.4104,18.9174,19.1586,0.5212,18.1608,15.0246,8.024,17.0332,1.3928,9.5582,3.9802,18.9944,17.5736,17.6572,5.8792,17.369,11.3504,6.1362
iql_2p_224,14.2164,5.3026,19.5474,20.1396,19.324,19.9202,0.284,18.553,19.5276,14.8746,19.3978,20.2354,19.1542,19.1866,12.3212,15.6508,20.5662,14.528,15.7186,17.9684,20.5942,17.993,13.9084,17.9688,18.4704,20.2462,10.901,20.4536,9.2602,13.989,19.295,19.7218,10.7472,18.7186,19.2726,15.4008,12.7962,14.3912,16.4354,24.0482,18.3136,4.3932,20.1678,20.7134,19.0126,13.3368,17.0622,4.8442,0.3282,16.158,0.1978,17.9464,17.0256,20.0438,18.9596,0.3432,0.0122,20.429,19.3414,18.6322,19.5536,13.9636,18.0254,4.4404,3.5136,4.3282,12.2498,19.4636,16.2058,20.61,0.8676,19.7214,10.5916,19.9666,20.6274,19.5302,19.2052,20.102,21.2804,19.6708,20.4804,18.0836,17.4136,18.731,20.9828,0.5166,18.5714,15.4094,13.4172,18.7864,1.0314,15.2586,7.5996,19.9954,18.7978,18.581,10.5962,18.7274,15.6454,6.5602
sad_aux_2p_1,12.9948,4.0316,21.9064,21.2508,20.0644,19.292,0.2086,18.32,18.9848,21.2566,22.0574,18.753,18.0084,21.4032,18.2678,17.2112,17.2312,13.2924,20.687,20.4882,17.641,20.2738,12.114,17.8522,20.1322,18.3248,8.5874,19.5382,11.2588,16.891,20.6998,19.7278,8.296,16.8766,21.3724,17.2944,12.0,9.7166,16.328,18.003,24.0672,1.4316,17.3914,18.043,19.8676,14.0682,20.9814,4.0354,0.0604,13.7112,0.3086,20.6504,18.25,17.5902,21.1856,0.1496,0.0018,16.1994,20.7664,18.9538,18.6038,14.533,18.4414,3.376,2.2684,4.584,11.5522,22.063,18.2746,22.088,0.3312,17.6478,15.0354,20.7464,18.2102,19.6974,20.002,19.9134,18.9402,19.674,20.718,19.0868,17.2118,18.8166,20.5876,0.3118,17.1346,19.3366,11.71,17.3544,0.689,17.0036,9.3912,19.7404,16.5892,18.8918,11.2858,21.1264,11.6768,5.746
vdn_2p_725,3.3274,1.3466,3.4592,3.2034,4.8432,2.4824,0.3364,3.5068,2.8096,2.13,2.26,2.786,4.5658,1.5998,1.6784,3.029,2.764,5.062,1.7202,2.1528,4.3604,2.0278,2.1564,4.7778,3.6012,3.4502,0.0542,4.5118,0.9248,1.3946,2.8164,3.8142,1.7188,2.3432,2.3156,1.911,2.7504,2.2776,3.1342,4.509,1.4096,23.7284,5.3324,2.6886,2.8386,1.1588,1.6816,0.0,0.1316,6.128,1.5918,2.8006,2.5854,5.3492,3.738,0.0452,0.0,2.6704,3.592,3.0456,3.0238,2.373,2.4862,0.7364,12.3678,1.4026,1.4712,2.5906,2.9612,3.417,0.8132,5.285,1.7854,3.7286,3.761,2.8074,3.4098,3.5714,4.1924,3.2546,2.8588,2.6746,3.4582,4.1612,4.2682,0.0182,3.2426,1.6426,1.1886,3.6086,0.1438,0.9922,0.483,3.7448,4.58,3.081,0.9654,3.2788,2.8772,12.9772
vdn_2p_711,13.432,5.1442,18.8732,19.1998,19.3062,18.5972,0.0716,18.3458,18.5846,18.7034,17.8088,19.5334,18.2958,19.823,11.1194,18.1904,20.4976,17.4438,16.8636,19.3038,20.5628,17.1382,14.8706,16.8626,20.0786,19.6954,13.3338,20.5108,7.6,17.569,19.3318,19.9726,12.8226,16.9354,18.3076,16.7638,14.1658,14.9886,14.8228,20.2104,17.4536,4.9248,23.794,20.696,19.82,16.3064,16.5436,12.9408,0.0756,17.0246,0.0614,19.3938,15.7592,19.0836,19.7732,0.0904,0.0022,21.598,18.922,20.2448,19.5646,16.0572,17.6606,2.5132,3.8922,5.9008,16.0212,18.8246,16.4062,19.4728,0.2856,18.6898,12.0222,19.7808,22.168,18.0634,19.872,18.757,20.9198,19.5588,20.0486,18.5678,20.2776,17.7314,19.886,0.2992,18.8694,17.145,15.7064,19.3434,2.3604,18.0458,9.1154,20.1846,18.9904,18.5544,10.9052,18.437,13.6398,6.035
sad_aux_op_2p_25007,14.1124,4.9982,19.7402,22.0466,21.6396,22.695,0.1428,17.921,20.5342,17.6152,18.387,21.927,21.7942,19.3222,13.494,16.0378,19.6458,15.5188,14.8454,21.8044,21.5174,20.2812,14.1446,17.6044,21.8464,21.0232,11.0806,21.7698,10.125,17.2992,21.9092,22.0946,8.506,18.0818,18.5448,16.7802,12.2286,13.058,15.3756,20.78,18.1378,2.8034,20.4644,23.7562,19.953,17.6364,16.8838,6.6828,0.1594,14.664,0.3974,19.0988,15.6534,21.5924,21.3486,0.0658,0.0,22.3064,21.6828,18.5052,23.2414,15.5836,20.5862,3.858,3.384,5.369,11.9008,18.823,16.0054,19.9144,0.3952,21.1934,9.7074,21.4448,20.3984,21.03,22.6372,21.2586,23.0198,18.6976,22.5208,22.2504,19.7382,20.0516,22.004,0.2194,21.401,17.7462,16.3494,18.3502,0.8358,18.5298,9.1682,21.6922,21.2792,22.0814,11.1536,19.1736,14.4936,3.5442
iql_op_2p_6110,14.872,6.2756,21.1774,20.6798,19.5774,19.366,0.2108,19.1914,19.689,19.9604,21.4286,19.4422,18.8702,21.6986,18.3054,19.1768,18.728,14.7988,18.7104,19.9418,19.964,19.3502,15.0222,18.314,20.0428,18.9208,12.7266,20.4624,10.8118,18.694,20.2804,19.7646,9.3136,19.8174,21.2194,18.0552,14.2634,15.5962,17.6662,19.3266,20.3688,3.0306,20.132,19.9644,23.7048,17.3634,20.3204,9.7012,0.22,16.515,0.2216,20.5004,20.2756,19.1626,20.0608,0.5914,0.0076,19.2182,20.259,20.963,19.494,15.1384,18.314,5.0286,3.6062,8.2842,15.8476,21.2102,19.3618,21.0334,0.8126,18.8506,15.5446,20.1388,20.1988,19.6582,20.1374,19.866,20.2686,18.4096,20.4626,19.1824,19.5372,18.8722,20.7774,0.6284,18.7608,18.4124,16.5926,20.642,2.7226,18.8504,8.9752,20.3324,18.4916,19.257,12.3966,21.939,14.2798,7.3308
sad_op_2p_2519,9.0188,2.5536,15.542,16.9876,17.3166,17.6578,0.3398,15.1726,16.4634,17.2036,12.6466,17.298,13.5284,15.2222,12.8082,16.6734,14.2358,9.6468,10.3942,18.6902,17.5938,15.4712,10.7886,15.1436,20.7102,14.9328,7.4004,19.1652,2.5018,18.3942,18.6352,15.4004,9.2844,17.9074,11.7662,12.6928,13.9028,11.6908,9.5504,13.8098,14.2784,1.2788,16.1782,17.7004,17.5778,23.4732,12.494,8.085,0.003,10.8026,0.1604,17.4506,16.2928,16.4944,16.537,0.0198,0.0,18.231,16.9316,12.3546,19.1858,14.9606,18.148,1.0716,2.0162,2.2278,16.9172,14.6684,16.3822,14.9638,0.0922,18.5836,10.6862,19.0172,13.9564,15.9018,20.0062,17.0114,17.1056,10.7896,15.0632,16.4154,20.4792,14.5448,19.1224,0.1136,18.2974,18.5448,21.6912,15.9816,0.3762,19.1546,4.2074,18.2104,16.4332,18.0628,3.5088,19.9088,9.3302,1.733
iql_2p_111,14.1244,4.3002,20.8906,19.078,17.7292,16.8504,0.2204,18.0978,17.1106,21.2292,21.8974,15.9596,16.4466,21.8584,16.5446,18.4732,16.143,12.8456,20.6666,18.4208,16.6188,17.5952,11.5728,16.8636,16.5948,16.175,6.6172,18.2282,9.2326,19.722,17.4982,17.5058,10.0992,14.877,20.831,17.9694,9.6302,9.5824,14.9282,16.863,21.1658,1.6064,16.4736,16.8788,19.9628,12.2504,23.93,6.8402,0.1548,13.8974,0.1206,20.5314,16.9734,16.0686,18.5074,0.3772,0.0086,15.3568,18.662,19.656,16.3738,14.3956,16.429,3.7952,3.2172,7.3898,14.1526,21.6532,17.671,21.103,0.4476,15.4522,15.413,17.9386,18.4746,18.253,18.537,17.155,17.0338,19.4424,18.6824,16.5012,14.6764,17.2824,18.8164,0.6526,14.7544,16.3054,10.4276,16.5634,1.0502,18.3138,8.0612,17.5306,14.9388,16.6502,11.5666,19.9006,12.908,8.184
sad_2p_2007,0.1026,0.4538,7.0576,5.978,7.2524,5.0604,0.013,0.8348,4.5642,8.5658,6.6354,7.0004,4.0654,8.5132,3.153,1.276,6.7706,2.3776,2.0436,6.9614,7.0718,2.9164,1.3092,0.6248,10.6012,7.013,1.614,5.9932,0.3944,9.4746,6.658,4.808,0.0046,6.7678,7.0062,8.2906,0.5862,4.3518,1.0144,4.6576,4.4674,0.0004,12.9908,7.3336,9.371,8.106,6.8644,24.0338,0.0026,0.9374,0.0044,9.7234,4.517,6.46,8.9458,0.0,0.0,7.7082,6.3316,6.8624,7.4662,0.816,3.7516,0.016,0.0,0.0964,0.0,7.9196,0.4456,1.4582,0.041,5.396,1.7466,7.1546,10.3112,5.9346,7.4494,4.7426,7.019,9.6214,4.6638,4.7706,10.5056,4.1198,8.9906,0.0092,6.5976,5.6374,5.6708,7.2042,0.0,8.467,1.9886,7.7402,6.5042,7.2414,1.1792,6.3532,4.9316,0.0076
sad_op_2p_2507,0.3202,0.3718,0.1132,0.228,0.7192,0.31,0.0082,0.1656,0.4762,0.0208,0.1084,0.4464,0.589,0.0494,0.0932,0.2646,0.0356,0.062,0.0244,0.2198,0.3606,0.2598,0.004,0.449,0.4128,0.4844,0.0074,0.3386,0.0182,0.0028,0.7384,0.6058,0.0044,0.1144,0.2328,0.0122,0.0952,0.1906,0.1952,0.288,0.071,0.1218,0.0672,0.1578,0.2164,0.0278,0.1578,0.0048,24.0842,0.4172,0.0056,0.1424,0.0878,0.2956,0.3482,0.0882,0.0,0.248,0.939,0.1818,0.2796,0.0064,0.1386,0.0024,0.6672,0.0218,0.027,0.1872,0.2078,0.2126,0.2556,0.8554,0.0558,0.4332,0.044,0.6382,0.255,0.5202,0.0536,0.1042,0.2076,0.0328,0.041,0.2052,0.414,0.0246,0.141,0.0184,0.012,0.2362,0.0048,0.0038,0.0696,0.4516,0.4804,0.4674,0.0308,0.2012,0.0508,0.1424
vdn_op_2p_729,20.196,3.4382,15.837,16.7958,16.4866,16.5386,0.1612,16.1252,18.303,13.3576,15.1012,15.1552,17.8868,15.0866,12.502,15.8026,14.0738,9.952,12.6842,14.4542,17.2176,16.3984,9.9758,18.1006,16.793,16.8808,3.332,17.3428,8.7894,7.8212,17.2974,17.6018,7.969,15.2082,17.9552,11.8282,13.9106,14.063,17.494,15.8598,13.2344,6.0616,16.929,14.1938,16.2032,9.5286,13.8246,0.6872,0.3514,24.1592,5.6966,16.0498,13.6168,17.7734,17.9356,1.1768,0.1012,15.1176,16.6304,14.541,14.0626,14.5926,14.305,3.8408,6.5872,4.1532,11.0878,15.0086,16.6514,17.3844,0.827,16.207,10.4976,16.8454,16.1286,15.8874,15.0934,17.2822,16.4346,13.7044,16.363,13.3704,17.8034,17.2738,16.2252,0.8162,15.6612,14.7816,8.9856,16.635,1.4488,8.2536,4.9926,17.6718,16.7664,16.4676,5.6674,16.025,15.167,8.591
sad_op_2p_2,1.8064,0.0928,0.141,0.3624,0.5538,0.416,0.0036,10.5284,0.5548,0.1836,0.3042,0.8286,0.3076,0.1624,0.056,11.7484,0.2998,0.2434,0.0668,0.7508,0.2388,0.186,7.4332,5.2016,0.3602,0.76,0.0988,0.9216,0.0674,0.0776,0.8972,0.411,9.9868,0.0998,0.1424,0.1498,4.7268,0.1414,0.3946,0.3562,0.266,1.5084,0.1432,0.4938,0.2576,0.2202,0.1658,0.004,0.0,5.6998,23.8394,0.1758,0.1092,0.44,0.2642,0.002,0.0,2.0906,1.0708,0.3478,0.6624,9.3436,0.8588,0.691,1.5564,0.805,10.0634,0.1256,9.6276,5.5762,0.016,0.466,0.0662,0.3376,0.136,0.6042,0.344,1.406,0.4194,0.17,0.4624,0.1256,0.083,0.302,0.2498,0.02,0.3292,0.1302,0.0538,0.2102,0.0294,1.0276,0.0576,0.3846,0.3942,0.4366,0.0338,0.4594,0.0358,4.052
vdn_2p_710,14.0362,5.655,21.651,20.0422,18.935,18.9574,0.1774,19.9048,19.125,21.4474,20.6842,18.6168,18.2218,21.8596,16.0788,19.995,18.2272,12.2236,20.3096,20.673,19.708,19.5558,12.2874,17.7696,18.7328,18.0392,11.0292,20.7578,9.1794,20.9892,19.2612,19.342,12.8584,16.711,20.3538,19.6798,11.3756,12.6446,16.0276,17.7632,20.5018,2.732,19.315,19.306,20.3182,17.3462,20.5464,9.5842,0.1324,16.3474,0.1506,23.723,19.076,18.8712,19.7796,0.3158,0.0,18.521,20.0162,19.5156,18.6946,17.8306,19.1242,3.0826,5.206,7.4284,17.814,22.0388,18.8,21.2746,0.4582,19.3392,17.5122,19.2842,20.8776,19.1688,20.4966,18.883,19.224,19.458,19.8152,18.8774,19.3828,19.5584,20.442,0.7942,18.6154,20.1636,15.9546,18.9598,1.0262,20.6922,10.523,19.0716,18.0152,19.0328,11.435,20.3878,14.1404,7.8598
vdn_2p_740,11.694,3.3616,19.8554,18.2444,16.702,15.7992,0.1772,16.8118,16.8332,17.1038,19.8094,15.5612,15.0938,18.9146,17.6592,17.2858,14.8258,12.6268,15.3614,16.4188,16.9722,17.129,8.8832,15.819,15.0172,15.2864,7.4542,19.1344,6.0412,16.3648,16.8262,15.8664,8.4812,16.365,18.0188,15.3462,11.068,10.2748,12.636,16.804,18.2864,2.7248,15.7462,15.4566,20.1424,16.3186,17.0344,4.7828,0.1096,13.596,0.0698,19.2322,23.9788,15.5866,16.5098,0.1274,0.0,16.1366,16.7142,16.8066,16.02,13.4724,15.8804,3.0114,2.8556,4.362,13.5166,20.2294,18.6794,19.6334,0.3012,17.4524,13.8224,18.5002,17.209,16.642,17.2662,17.883,15.9212,16.6516,16.7588,16.3236,17.3648,16.978,19.0646,0.1774,14.9146,18.2632,13.0126,18.4696,0.5748,17.6558,7.3948,17.535,13.662,14.6668,9.2928,20.7614,10.3844,6.0826
vdn_aux_2p_910,17.353,5.0076,18.8844,22.0326,20.0402,21.1994,0.1988,17.4712,21.6346,16.1744,17.3314,22.4408,21.8146,17.8616,14.3966,14.8892,19.3224,12.4276,14.773,20.9422,21.7714,21.722,11.2602,19.2354,20.9606,21.8224,12.8808,21.1526,11.2888,14.5106,20.947,22.1158,9.6338,18.7916,18.2512,17.054,13.4904,15.6336,18.6858,19.7988,17.7468,5.2716,18.903,21.6308,18.9046,16.6812,15.8812,6.6466,0.3652,17.9678,0.2746,18.8916,15.7914,23.5636,20.994,0.448,0.0042,21.4158,21.1324,16.6886,21.295,14.9378,22.3298,5.6304,4.9694,6.7516,12.0674,17.862,16.0346,19.0754,0.9434,21.509,9.6316,21.1408,18.9444,22.7588,21.1558,22.1406,21.7336,18.0024,22.0426,21.0316,20.0854,22.2086,20.537,0.5154,21.7428,19.1938,15.0078,18.6894,2.0474,15.6822,12.808,21.4422,21.5504,21.3884,11.4814,19.2282,17.8962,6.1714
vdn_aux_2p_911,17.5308,4.4042,20.1594,21.7888,22.638,21.5654,0.1524,17.4642,21.661,18.9862,19.0302,21.6278,22.1684,19.415,15.1616,16.4822,18.848,13.5226,16.807,21.928,20.9246,21.8152,11.941,18.9568,22.6588,21.7822,10.9388,21.7382,11.7382,16.9452,22.4136,22.4044,9.8,17.617,19.596,16.273,10.915,17.4104,18.886,19.0248,21.1642,3.7572,19.605,21.4418,19.7944,16.4274,18.6224,8.8722,0.3384,18.1226,0.264,19.7374,16.8138,20.9988,23.5188,0.5116,0.0124,21.0254,22.736,17.537,21.7254,15.609,20.9678,6.0366,5.211,8.2102,13.5236,19.0216,16.8758,20.0948,1.474,20.8664,11.9572,21.937,19.6338,20.997,21.663,22.0732,22.1308,17.7412,22.4306,21.7608,19.9726,21.0326,21.3298,1.1724,21.1256,19.9898,15.0502,18.7614,1.664,16.8044,12.1082,22.0996,21.3948,21.6162,12.1452,19.3586,17.062,7.2586
vdn_op_2p_7742,0.4262,0.1758,0.2418,0.5234,0.4132,0.1284,0.0396,0.3396,0.6968,0.236,0.7194,0.24,0.6296,0.1658,0.6698,0.3836,0.1406,0.0242,0.053,0.0984,0.4416,0.5698,0.015,0.5558,0.336,1.0544,0.0166,0.4298,0.3252,0.031,0.3986,0.3712,0.0142,0.4566,0.6772,0.0424,0.0902,0.133,0.65,0.3462,0.1712,0.0346,0.0874,0.0918,0.4854,0.0096,0.3524,0.0006,0.0748,1.1596,0.0124,0.3348,0.1278,0.446,0.5878,23.6172,0.0404,0.131,1.2018,0.5064,0.099,0.144,0.1132,0.1314,0.5664,0.091,0.0456,0.5784,0.4454,0.5948,0.1026,0.2928,0.0852,0.2694,0.1514,0.949,0.1462,0.7384,0.0988,0.309,0.319,0.0978,0.1732,0.703,0.3258,0.0084,0.1046,0.074,0.017,0.6048,0.0012,0.0318,0.0794,0.324,0.4246,0.1906,0.2024,0.5172,0.6596,0.208
sad_op_2p_2506,0.0038,0.0016,0.0034,0.0,0.0026,0.0,0.0,0.0084,0.0078,0.0,0.0508,0.0008,0.0,0.0,0.028,0.0098,0.0,0.0,0.0,0.0,0.0,0.0186,0.0,0.0252,0.001,0.005,0.0,0.0,0.0,0.0,0.0044,0.0048,0.0,0.005,0.0122,0.0,0.0022,0.0068,0.0238,0.017,0.0064,0.0,0.0024,0.0,0.006,0.0,0.0154,0.0,0.0,0.107,0.0,0.0,0.0,0.001,0.0088,0.0468,23.2884,0.001,0.0294,0.0098,0.0,0.0006,0.0,0.0962,0.0008,0.0192,0.0,0.0234,0.0098,0.0144,0.0198,0.0,0.002,0.0008,0.0014,0.0216,0.0,0.003,0.0,0.005,0.0096,0.0,0.0032,0.0044,0.0,0.0,0.0018,0.0,0.0,0.0172,0.0,0.0,0.0038,0.004,0.0038,0.0018,0.002,0.0142,0.0366,0.001
sad_aux_2p_20018,12.6338,5.4558,19.3128,21.2694,21.2048,21.5792,0.3224,17.0454,21.4938,17.8056,16.9662,21.8684,20.848,18.4346,12.494,15.4972,20.9182,16.6242,13.1,21.0294,21.4966,19.6414,14.687,16.3566,21.5646,21.2116,15.8456,21.8696,8.1374,17.5432,21.5512,21.863,8.2472,18.6262,17.2926,17.0068,12.5586,11.9456,15.071,20.1112,16.112,2.6296,21.5602,22.268,19.1164,18.1276,15.3976,7.5662,0.2674,15.668,1.385,18.4108,16.2218,21.2912,21.0772,0.1378,0.0026,23.6904,20.1132,18.0908,21.9338,14.892,19.1314,2.8816,3.2726,4.0232,14.0464,17.8558,14.7332,18.8672,0.5452,20.1922,10.0182,22.4688,20.2418,20.5398,21.534,21.027,22.5184,16.315,21.6902,20.723,20.2714,20.0162,20.892,0.8066,21.5058,17.9296,18.0768,18.5434,0.8462,18.141,5.778,22.4508,21.077,21.469,9.2036,18.5732,15.9078,3.5154
iql_aux_2p_800,16.3044,7.668,20.4762,22.5558,22.3006,21.9162,0.4352,17.2966,21.5506,20.3356,20.022,22.1106,21.8764,19.8422,16.3774,17.3994,18.6692,13.115,16.435,21.4354,20.8124,21.8956,11.6972,18.7912,21.7004,22.274,10.739,21.6064,13.7468,16.3254,22.775,22.3144,7.2914,18.2914,19.782,15.3602,12.5784,13.9006,18.5536,18.8976,20.637,3.3396,18.5968,21.488,20.09,15.8876,18.737,5.9194,0.74,16.7282,0.6338,19.811,16.8102,21.1324,22.6252,1.0282,0.0296,19.8864,24.0232,17.9144,21.8056,15.6346,21.8906,6.9588,5.7964,6.289,12.354,19.7094,17.3544,20.6932,1.1474,21.3218,10.1366,21.24,19.2682,21.6824,21.5398,23.0768,22.0136,17.7668,22.633,22.1696,19.393,21.0966,21.9054,1.3024,20.6132,19.162,14.2506,19.0202,1.6818,16.349,8.4698,21.8782,20.4908,21.0772,12.6954,19.9958,15.428,6.167
iql_2p_288,13.3132,3.4862,21.1574,18.3088,17.8032,17.065,0.2398,18.9798,17.453,19.278,21.9874,17.8172,16.2602,21.4884,15.4794,19.5324,18.021,18.3318,19.282,18.3156,17.861,16.9352,14.0546,16.1952,16.7814,16.355,11.2464,19.0716,12.9092,16.7946,17.7196,17.9904,10.0388,15.4472,21.1752,19.2272,9.5926,10.5858,15.9942,18.6576,18.9494,2.9428,20.2232,18.7558,20.9472,11.4012,19.8248,6.8126,0.1486,14.8716,0.3026,19.5224,16.9454,16.7156,17.499,0.5522,0.0122,18.2402,18.2892,23.7838,17.5808,16.146,14.523,3.4532,3.0156,5.7456,13.6302,21.871,16.6562,20.8388,0.3614,17.6362,16.3226,17.7256,20.5108,18.0948,17.4212,16.666,18.4544,20.4364,18.7956,17.1888,14.9604,15.4116,18.0356,0.505,17.6508,14.9662,10.861,17.4802,1.3146,16.8856,10.6604,19.234,16.759,17.024,13.175,19.6586,13.2296,7.6698
sad_aux_op_2p_25019,15.1818,5.8108,19.5548,21.718,22.066,22.8622,0.1398,16.9004,20.8864,17.6692,17.5626,21.9582,21.9068,18.4934,12.7204,16.0828,19.2614,15.5282,14.4646,21.819,21.7474,19.7574,14.5066,19.668,22.2954,20.9126,9.3716,21.9688,8.2038,17.926,22.0836,22.1654,6.5024,17.4748,17.5458,15.3656,10.7118,13.5306,15.9842,19.5392,18.546,3.1108,19.307,23.2764,19.221,18.9324,16.3978,7.249,0.3148,14.7578,0.4456,18.8694,15.8312,21.3586,21.7178,0.1224,0.0,21.8814,21.8466,17.3912,23.6262,15.623,20.984,4.1134,4.5194,5.506,15.685,17.8486,15.6338,19.344,0.8848,21.6752,10.4672,21.7486,19.1576,20.9454,22.9612,21.5352,22.7586,16.7086,22.0978,21.6364,19.8866,19.8014,22.2434,0.659,21.7118,18.3288,17.478,18.279,1.6842,19.1144,7.2616,21.6776,21.3238,22.0306,9.8776,18.406,13.2596,4.7752
sad_op_2p_2501,13.0456,1.7082,16.4594,15.7218,16.4606,12.526,0.0456,19.692,12.4982,17.9552,14.8922,14.1062,12.1588,15.5308,8.3262,20.3744,12.5526,11.5804,11.9278,15.9594,16.5586,11.2978,13.908,16.3796,16.4554,13.0164,2.3384,17.9904,4.6538,17.6248,13.5554,13.873,18.1148,10.5528,12.341,17.5368,13.129,8.3526,14.078,14.0752,14.5406,2.1104,15.5752,15.9218,14.943,14.6942,14.2254,0.9586,0.0018,14.702,9.307,17.819,13.3762,15.4052,15.737,0.1554,0.0,14.7984,15.8572,16.265,15.6716,23.2348,13.7878,1.731,2.8036,3.936,19.508,15.8956,18.402,19.3508,0.1436,16.157,16.467,15.422,15.764,12.3998,17.2672,13.4216,16.1202,15.2402,12.3344,15.2042,14.9002,15.7696,16.8732,0.0402,16.4116,14.0636,13.428,12.496,0.406,17.0568,6.1654,16.2992,14.4862,14.749,3.6376,16.948,6.6598,6.4774
sad_aux_2p_20006,11.9266,4.3396,18.731,21.8388,19.9872,21.2638,0.1474,14.7022,20.912,16.9082,16.9072,21.5902,20.335,17.9808,14.8302,13.3614,17.4686,8.7862,14.2278,21.6758,20.6908,21.17,9.8708,17.3356,20.949,20.3494,7.5724,20.3152,7.0784,15.7736,21.8866,20.2866,4.6928,17.1162,16.4568,15.1936,10.8278,14.0386,14.9574,17.734,18.4788,2.336,17.2878,20.4896,18.0574,17.8732,16.3162,3.757,0.1618,14.5716,0.6808,18.9426,16.2128,22.2114,20.9554,0.1226,0.0,19.007,21.9888,14.5422,21.079,13.6816,23.8714,3.4202,3.1482,3.9352,11.1932,17.815,15.1378,18.3414,0.5228,21.707,8.8764,20.3072,18.0296,21.811,20.9636,22.1436,21.1078,15.7636,21.1374,20.7908,19.947,21.4012,20.063,0.4758,21.329,18.9334,16.257,18.6136,0.742,16.0522,6.4062,21.0896,20.1006,21.5186,8.0514,19.4036,13.8668,2.3626
iql_op_2p_610,6.5726,2.58,4.0992,5.8472,6.8198,5.2244,0.049,4.3448,6.726,2.362,4.3772,4.4922,6.382,3.0952,4.4464,4.3916,2.1898,1.3924,2.7502,3.1728,4.7462,5.2272,1.0646,6.7392,4.7124,5.462,0.157,4.3814,4.0636,0.7888,5.2898,6.2022,0.5382,4.4702,3.861,0.9908,4.0994,2.5132,4.2,4.1172,2.7292,0.6624,2.4244,3.6354,4.776,1.2458,3.5594,0.0104,0.0152,3.7726,0.7616,2.9352,3.0322,5.5156,5.9126,0.1636,0.0888,2.7342,6.5448,3.4462,4.0076,1.7462,3.3162,23.4378,0.4934,6.4628,1.2248,3.5514,5.0076,5.1554,1.415,6.6496,2.7392,6.9,1.7756,5.686,4.174,6.1148,4.1664,2.9156,5.011,6.0896,3.0498,6.6178,5.6426,0.3346,4.5606,3.029,1.1658,4.5168,1.2056,0.8452,0.6288,5.9564,6.941,7.4848,5.5686,5.5982,2.2824,1.6296
vdn_op_2p_7741,4.2358,0.8958,4.8292,4.197,6.3354,3.19,1.0356,4.0792,4.337,3.5254,2.527,3.4986,4.2938,3.1918,2.6306,4.719,1.277,3.2022,1.7172,3.8982,4.7914,2.1442,1.2198,6.4782,5.5164,4.4816,0.0286,5.929,0.5278,1.0358,4.649,5.0214,1.6854,2.2764,2.329,2.5656,3.6568,2.613,4.1278,3.4888,2.1976,12.2582,3.7884,3.4192,3.501,1.9226,2.9576,0.0,0.7708,6.6856,1.717,5.1292,2.821,5.272,5.2634,0.498,0.0038,3.4034,6.0034,2.9836,4.9128,3.0784,3.2092,0.3958,23.4188,1.1866,2.1734,3.427,4.1074,4.486,0.9042,5.8036,1.9678,5.3302,3.4652,3.641,5.0118,4.6602,3.1806,3.1078,2.8204,2.8342,3.8242,5.5444,5.9204,0.008,4.5088,2.5912,1.8492,3.2354,0.2084,1.8104,1.2632,5.1038,5.5886,4.9592,0.4462,3.8402,2.2376,12.6734
iql_2p_4,6.2166,3.6684,7.2072,8.365,5.8712,5.4284,0.1192,5.9774,6.2132,5.701,7.1732,3.3658,6.9932,6.5264,5.5726,7.459,3.0786,1.9038,3.1176,4.5026,7.2286,5.3524,2.271,7.2208,4.7784,6.6716,0.4642,6.55,4.7106,2.61,4.9586,6.1534,1.8936,4.7206,6.4766,2.6008,3.7392,3.1542,3.6328,4.178,4.2014,1.4776,5.6728,5.414,8.1958,2.1892,7.614,0.1182,0.024,4.2694,0.7768,7.1234,4.5214,6.9562,7.9986,0.093,0.0294,3.6498,6.5388,5.7998,5.1104,3.9942,3.669,6.5262,1.2516,23.5898,3.116,6.9252,8.228,7.7114,1.3324,3.8852,4.4884,6.4826,6.7944,6.6024,6.0038,6.8948,5.7952,5.0658,5.2294,4.9862,6.0238,9.2864,6.3392,0.0838,4.7832,4.14,1.8258,6.3644,8.5046,2.6492,0.621,5.368,8.0652,6.3908,5.9312,6.4446,4.1358,2.584
sad_2p_2000,10.3396,0.9272,15.7448,15.3046,14.177,9.9928,0.031,19.596,9.935,17.5384,14.583,12.3334,9.1672,17.0358,8.455,21.3142,10.8492,11.9844,13.3216,15.3576,15.072,7.986,18.4272,16.4288,16.7022,11.1302,0.0844,17.0328,2.7378,19.0088,12.0908,11.0518,18.6096,9.1896,11.788,16.2084,8.4818,6.4924,12.5518,12.535,11.7042,1.5682,15.7794,12.2908,16.0768,16.8748,14.2038,0.0078,0.0222,12.4692,10.2964,18.0266,13.8212,12.3052,13.8704,0.055,0.0,14.0102,12.9308,14.0458,15.7058,19.4922,11.2446,1.3898,2.3472,3.051,23.3162,17.3826,16.7006,16.6566,0.1154,15.0592,16.9868,14.728,15.2118,10.139,17.134,12.0726,13.7332,15.0986,9.2994,13.094,13.9832,11.8934,16.5786,0.0758,13.5172,12.2328,15.8542,14.01,0.364,19.01,2.1514,14.1292,12.5092,12.64,1.3284,16.0142,6.1524,3.0794
iql_op_2p_620,14.6532,4.3462,22.5024,20.6042,19.2008,18.9446,0.1352,20.8224,18.5996,21.48,22.67,19.1544,17.01,22.9268,18.7654,20.3576,18.873,15.195,21.2426,20.1056,18.9716,19.2006,13.4094,18.1888,18.4178,17.8814,12.4646,20.6152,11.1704,20.7584,19.1064,19.0106,11.7008,17.4834,21.5114,19.7534,13.7816,12.569,17.5028,19.8504,21.9642,2.8638,18.8848,19.262,21.3014,14.754,21.6662,7.881,0.167,15.2928,0.1352,22.0398,20.3292,17.878,19.291,0.6492,0.019,18.328,20.0396,21.7494,18.1888,15.9694,18.2676,3.785,3.3774,7.3394,17.3206,23.4036,19.3112,22.1302,0.743,18.4794,18.7206,19.7936,20.0812,19.6826,19.9104,18.8012,19.0706,21.4256,19.4202,18.3078,16.5064,19.0384,20.771,0.7406,18.1192,18.8688,13.2982,19.553,2.6904,20.4002,13.1328,19.5718,17.0044,18.124,12.5168,21.4076,11.9936,9.1962
iql_op_2p_621,15.3866,3.9244,19.1954,18.4864,17.5666,15.7932,0.2124,20.522,17.074,17.77,18.4384,15.8352,15.2172,18.7848,18.7556,19.2872,13.874,11.9912,14.8422,17.2272,16.8082,16.6018,12.3662,18.9026,17.5126,15.2328,2.8558,18.5522,9.5746,15.6926,17.54,17.0588,14.557,18.481,17.6638,15.5636,16.8444,14.5038,16.8506,16.4764,18.4998,2.9032,16.7534,16.2802,19.3396,16.1074,17.862,0.4044,0.172,16.6528,9.9326,18.794,18.8256,16.5594,17.0952,0.3954,0.023,14.9322,17.6422,16.8144,15.9156,18.1676,15.4428,5.195,3.9026,8.2686,16.557,19.3204,23.2084,20.8806,0.7144,17.3318,16.7764,18.717,16.2828,16.3378,17.7622,17.2514,16.7836,16.975,15.743,17.5414,17.865,17.4668,18.5038,0.5914,17.1232,17.8626,15.4814,17.633,1.7296,15.4584,5.694,18.2374,15.6296,17.677,6.6062,20.002,12.7686,8.7616
iql_op_2p_618,16.1582,4.7612,21.9338,21.2302,20.145,20.5134,0.4142,20.861,19.6966,19.8436,22.2638,20.1148,19.1746,21.476,18.5856,19.411,17.8852,14.5522,20.691,19.9492,20.0574,19.8986,14.4438,19.3616,19.4226,19.0222,5.4762,21.137,12.1048,16.9502,20.3576,20.365,13.3012,17.8022,21.8802,16.982,14.788,15.098,17.9374,20.6388,21.9626,3.2742,19.1306,20.128,20.8726,13.914,21.0824,1.2992,0.1478,17.5884,4.9978,21.2256,19.684,19.1426,20.1078,0.562,0.0092,19.106,20.47,20.8812,19.3198,19.0092,18.618,5.0546,4.8132,7.5924,16.127,22.0888,20.841,23.7726,0.9624,19.803,16.7798,20.7612,19.75,20.3892,20.1556,19.9638,20.0318,21.0138,20.6954,19.3692,18.144,19.4372,21.232,0.3836,18.997,18.5068,12.8224,19.587,2.0984,16.8094,9.8974,20.6962,18.6024,20.189,10.7802,21.0316,13.4936,9.154
vdn_2p_7141,2.0002,0.8056,0.8112,1.2874,1.303,1.3724,0.193,0.3704,1.729,0.2862,0.7982,0.7116,1.7998,0.4858,0.6676,0.3998,0.3724,0.1934,0.1522,0.559,1.3576,1.314,0.1246,2.2254,1.181,1.5774,0.2908,0.5698,0.4322,0.0612,1.4708,1.6602,0.0584,0.6374,0.914,0.213,0.4496,0.6462,0.978,0.9624,0.3382,0.795,0.2656,0.4134,0.8364,0.1008,0.48,0.0338,0.3082,1.1158,0.014,0.537,0.2804,1.3138,1.7402,0.0988,0.0226,0.6092,1.4516,0.3686,0.895,0.1818,0.7184,1.8666,1.0736,1.3888,0.0942,0.7246,0.5692,0.8902,23.8958,0.8984,0.2168,1.6052,0.5274,2.1232,1.0392,1.2524,0.8008,0.565,1.189,0.638,0.607,2.1138,1.1248,0.0236,0.6564,0.2954,0.1486,1.1198,1.01,0.14,1.1452,1.207,1.5458,1.319,1.0428,0.4626,0.3308,0.684
iql_aux_2p_840,15.5114,6.5758,19.5714,20.692,21.7944,21.4582,0.1686,16.68,22.5702,17.3272,17.9172,19.6446,21.714,17.975,14.9764,15.983,19.172,12.8246,14.4532,22.0334,22.6982,21.2912,12.6954,18.9778,19.643,20.3318,11.1396,21.557,10.2004,16.0304,20.2064,20.8556,9.388,18.5474,18.0558,13.6866,13.5556,14.2644,17.0416,19.2182,17.5604,5.225,18.31,20.8134,18.6548,17.8914,15.735,5.2476,0.7608,16.2222,0.3502,19.3336,17.3738,21.3702,20.7254,0.3144,0.005,19.7748,21.0372,17.371,21.4448,15.8482,21.5302,6.5648,5.7318,3.7864,14.375,18.5526,16.8288,19.6522,0.6046,23.6754,10.2192,20.9598,18.8504,21.0418,21.0176,20.8612,21.6782,16.9262,22.0232,21.4386,20.066,20.729,21.306,0.7084,21.8468,18.3222,17.1176,19.119,1.6088,16.9446,8.3558,20.0586,21.072,21.5876,11.802,19.4982,15.7704,5.6886
vdn_op_2p_7711,10.9614,2.8138,17.3824,13.7992,11.5402,9.9966,0.024,17.446,9.8514,17.7244,18.6752,10.7286,10.2004,17.9538,15.1356,17.8326,10.288,10.8892,12.8352,13.4494,10.322,11.3276,10.884,13.8108,11.61,8.931,7.0282,15.008,9.3902,17.3024,10.9374,10.1066,8.7428,12.6546,16.632,13.4302,6.954,4.6496,11.0152,10.9758,15.5716,1.8494,12.572,9.9544,15.5844,10.484,15.681,1.7724,0.0514,10.822,0.0698,17.5608,14.0566,9.9572,12.388,0.0778,0.003,10.4252,11.3866,16.6146,10.622,16.662,8.9312,3.3086,2.0992,4.4402,17.1256,18.6786,17.1986,17.0772,0.2722,10.8022,23.4376,11.6724,13.6166,11.1982,13.6916,10.0924,10.8544,14.2622,10.7134,10.9798,10.983,12.0888,13.3754,0.1416,10.0672,12.1122,8.6776,12.7834,0.6646,17.694,5.0552,12.6508,10.0314,10.5816,10.0352,16.2962,5.403,6.636
iql_aux_2p_841,16.1266,5.9254,20.2932,22.2838,22.0232,21.6774,0.3056,17.5064,22.187,16.6544,18.9332,21.5806,21.2054,18.861,17.076,15.3002,18.193,11.7758,14.9888,21.1634,21.2284,21.7006,13.1042,18.9058,21.65,21.0056,10.2336,21.9062,9.5142,15.7018,22.1604,22.2536,9.3138,19.2536,18.7726,14.3942,12.6652,16.3346,18.6708,19.548,20.5372,3.293,18.8696,21.1644,19.9062,18.3676,17.2004,6.556,0.4408,16.7814,0.2676,18.6322,17.9054,20.8488,21.6772,0.246,0.0012,22.1236,21.034,17.1778,21.4266,14.5466,19.9506,6.5544,4.8652,6.4056,13.9658,19.4358,18.2246,20.4346,1.1904,20.794,11.015,23.794,17.9786,20.7732,21.2684,21.827,21.3018,16.9664,22.1232,21.818,20.376,20.8966,21.7052,0.6502,21.6276,19.992,16.9086,18.6768,1.7272,16.908,9.89,22.614,20.8618,21.6034,11.2108,20.7262,15.6312,5.4718
vdn_op_2p_77111,13.5928,4.5912,20.5112,19.0492,19.2852,18.9048,0.1166,18.5998,17.9126,20.0934,19.1414,19.3376,18.5482,21.2654,10.8348,19.4844,20.6008,16.3888,16.6552,20.0654,20.7656,16.819,12.6326,17.274,19.5694,19.3862,13.3112,20.7892,7.5542,18.5982,18.703,19.7108,11.2076,16.1624,19.5976,18.0124,12.3402,13.498,14.0984,20.719,18.6252,3.916,22.2492,20.6224,20.1948,13.918,18.4498,10.5516,0.034,16.4612,0.104,20.8104,17.4516,19.1596,19.8514,0.1488,0.0022,20.4814,19.6256,20.5054,19.7132,15.5544,18.353,1.7002,3.8558,6.6466,15.3556,20.0266,15.9278,19.9712,0.4438,19.229,13.676,18.9402,23.7334,18.1846,19.9614,18.7454,20.9236,20.3048,20.3278,17.8872,18.7224,17.8714,20.1026,0.1758,18.548,15.9144,13.5474,19.6314,2.0962,19.0364,7.4806,19.4508,18.9854,18.2042,9.9174,18.2878,11.84,7.2304
iql_aux_2p_8140,15.3764,6.163,20.1182,23.0222,20.4056,21.0848,0.5118,16.6454,21.8334,16.7506,19.7784,22.8692,21.7162,19.5792,16.0092,15.128,18.9756,11.9022,17.0216,20.9396,21.3286,22.61,11.2608,18.3682,20.0136,22.1198,10.9734,21.1002,12.9094,15.4932,21.1276,22.6582,6.9872,17.6188,20.3796,17.5978,9.9502,14.4716,19.0536,19.0276,19.5708,2.6354,17.8754,21.1586,19.505,14.9968,18.289,5.7134,0.5808,16.2036,0.4202,19.1548,16.8186,22.7038,20.8456,0.963,0.0154,20.4626,21.8218,18.0358,20.892,12.4726,22.1396,5.7304,4.0474,6.9888,9.9978,19.3078,16.0994,20.251,1.7216,21.3006,10.3314,21.1154,18.2648,23.889,20.9602,22.533,21.2744,18.5616,22.6544,21.1236,18.8554,22.1338,21.245,0.9802,21.0722,19.3494,13.199,19.5428,1.8282,16.479,8.834,22.1076,20.7462,21.1444,12.6702,19.4006,14.46,5.9358
sad_aux_op_2p_25000,15.4998,5.293,20.5518,21.9496,21.5624,22.479,0.1934,18.6292,20.3308,18.9308,18.6122,21.8288,21.2612,20.0648,12.931,17.8868,18.4304,14.2308,15.027,21.88,21.4208,19.924,14.7964,19.9024,22.2142,20.166,7.5082,22.5556,8.839,19.8228,21.626,21.6222,12.8196,16.6746,18.3432,17.5644,10.7202,14.3416,16.7842,18.9914,19.766,3.2564,19.6108,22.5478,19.8316,19.7884,18.4548,7.366,0.2192,15.4772,0.305,20.4828,17.5458,21.2746,21.7558,0.1456,0.0,21.4808,21.5004,17.3848,22.8324,17.2618,20.9852,4.153,5.0794,6.152,17.0568,19.7548,17.656,20.1148,0.9178,21.1412,13.5666,21.5716,19.8366,20.9818,23.405,21.3456,22.0598,17.8854,21.4026,21.6546,20.2072,20.022,22.4176,0.3774,21.467,20.6558,17.6636,18.5574,1.1666,20.5374,10.3024,21.4302,21.3894,21.829,9.6716,19.815,12.0458,4.8098
vdn_aux_2p_970,15.9722,6.7782,19.86,23.258,21.616,21.7454,0.629,15.719,22.5628,17.3994,19.1654,23.0012,21.6778,19.0026,16.8504,15.5954,19.7572,10.6628,15.7696,20.1096,21.8434,22.7506,10.3014,18.8034,21.371,23.4154,10.3322,22.3002,11.4446,14.58,22.3466,22.3712,6.1528,18.7618,19.7914,14.588,12.7792,16.113,19.1884,19.7106,19.9856,3.1132,18.6736,21.0568,19.7312,16.5486,17.04,5.1084,0.5266,17.7416,0.9246,18.8924,17.9416,21.9004,22.0174,0.7164,0.0086,21.076,23.0318,16.7264,21.4418,13.2526,22.071,6.1512,4.7014,7.1724,11.6838,18.9734,17.0476,20.0788,1.1848,21.0748,9.5702,22.0888,18.5206,22.4632,21.2504,24.2558,21.778,16.9934,22.801,21.4234,20.2838,22.3,22.4984,0.8082,20.0412,19.9494,14.0918,20.1068,1.4076,15.7174,6.9096,22.5732,19.9232,20.4988,11.0132,20.0752,16.4418,5.5558
sad_aux_op_2p_25018,15.9564,5.5184,19.5176,21.9966,21.8116,22.3014,0.282,17.7912,21.7614,17.067,18.6402,21.9418,22.2786,19.0996,13.5934,16.0028,21.8808,13.6854,13.5214,21.3302,22.379,20.9082,14.8328,18.7456,21.8794,22.0382,12.6936,22.1926,9.9184,15.0734,21.7414,22.196,5.1246,18.8674,18.974,14.8622,12.1884,16.6802,17.401,20.6478,19.0924,3.5,20.8552,23.0386,20.107,16.105,17.0974,6.7244,0.063,16.767,0.2638,18.9872,15.8714,21.7264,22.0252,0.1086,0.0,22.4244,22.1462,18.2164,22.656,15.273,20.9072,4.1906,3.369,5.9102,13.3772,18.9776,16.4426,19.8102,0.8436,21.712,10.1308,21.7834,20.7116,21.2808,21.8102,21.8668,23.7094,18.1204,23.0218,21.7834,20.2512,20.4674,21.6722,0.249,21.424,17.3714,15.2666,19.4156,1.3378,15.9904,6.0236,21.3756,21.2222,21.4808,11.2078,18.9878,16.127,5.4254
iql_2p_488,13.4118,3.9272,21.0664,18.8512,17.463,17.335,0.148,19.2442,16.5216,17.0882,20.8432,18.6142,16.0886,20.8826,13.9122,16.8202,17.5942,15.3488,17.6538,16.956,17.6678,17.0646,15.0778,17.1322,16.7588,17.0318,11.145,18.2012,7.5172,16.3268,16.6682,17.9012,14.367,15.2732,19.6922,18.118,9.8096,10.9794,15.9426,19.8542,19.4842,3.1326,19.5832,18.888,17.876,9.9706,19.3938,9.1528,0.1266,13.842,0.1658,19.3856,16.8394,17.9308,18.0954,0.2778,0.0,16.547,18.072,20.1328,16.6514,15.4864,15.841,2.9796,3.2594,4.6482,14.4714,21.3574,16.7986,20.994,0.5056,17.0862,13.0718,17.8322,19.9818,18.7904,17.9272,16.8732,18.5984,23.6358,18.8334,16.4744,13.9272,16.7164,19.2838,0.184,16.4978,14.0584,9.2716,16.3446,0.8186,15.764,8.1066,18.213,16.1662,16.6996,10.981,18.6686,13.1112,8.7652
sad_aux_op_2p_2,15.5356,6.4194,20.4364,22.7428,22.356,22.5344,0.1376,16.4354,23.1236,17.1064,20.1386,22.2522,22.8516,19.8224,15.721,14.8714,20.4654,14.0192,17.729,22.0196,22.2988,23.5046,11.24,17.7922,21.541,22.0462,10.2196,21.9412,12.1696,14.7116,22.1904,23.416,6.0158,19.1184,21.7148,14.432,11.0012,15.6432,18.6728,20.1684,20.5218,2.597,19.7052,22.359,20.4614,14.5828,18.3246,4.273,0.2474,16.7616,0.4064,19.691,16.7628,21.8734,22.4246,0.307,0.007,21.4108,22.5648,18.712,22.143,12.1634,21.1238,5.187,2.929,4.9036,9.0188,19.5014,15.4978,20.4364,1.0232,22.046,10.3434,22.3466,20.0042,22.6188,21.4794,22.7832,23.028,18.7058,24.2358,22.1918,20.1546,21.3032,22.1744,0.6598,21.2592,18.6082,13.5044,20.6194,1.2366,15.0616,7.0154,22.3286,21.4326,22.0828,12.0054,19.9804,15.2272,5.8124
sad_aux_op_2p_25006,15.1326,7.966,19.5444,22.25,21.8064,21.7486,0.1286,16.2996,20.5866,18.6666,17.5344,21.358,21.466,17.7448,13.5818,16.6518,16.5758,13.3474,13.6058,21.6092,21.1208,20.4602,10.0712,18.6154,21.3196,20.0512,5.7234,21.5168,11.5252,15.1374,21.7668,22.1186,10.137,16.8742,17.7182,14.926,12.828,12.1132,16.4106,18.2428,18.6818,2.6312,18.0514,22.216,18.9018,15.6436,16.6422,4.2402,0.0436,13.6306,0.111,18.8154,16.1964,21.0752,21.7342,0.0952,0.0032,20.3704,22.1162,16.8992,21.6152,14.7376,20.5726,6.3274,2.7222,4.8238,12.7278,17.9088,17.0492,19.251,0.4658,21.8674,10.513,22.0766,17.533,20.8638,21.6438,21.4018,21.8634,16.2642,21.9858,23.7528,18.4076,20.3378,21.798,0.34,21.4992,19.041,15.0004,18.1236,1.4328,15.9772,9.8516,21.8994,19.9266,22.321,12.5656,19.434,8.4666,4.3186
vdn_op_2p_727,14.7878,4.7216,17.4264,19.6662,19.3242,20.6826,0.355,16.0344,20.5908,16.7158,14.7702,19.7976,19.887,16.646,16.2822,16.4448,18.7412,9.1208,13.7704,19.678,20.029,19.437,9.62,17.6474,21.055,19.205,12.0948,20.6198,5.8782,14.0964,21.2804,20.3178,10.879,19.81,16.9906,16.2232,16.1936,18.119,14.8782,17.134,17.256,3.2846,20.007,19.8826,19.2588,20.2126,14.6896,10.669,0.0544,17.9856,0.0576,19.4006,17.2606,20.197,19.8422,0.1716,0.0,20.1964,19.522,15.2512,20.0132,14.9232,20.0632,3.063,3.9008,6.1138,13.947,15.9698,17.6604,18.1736,0.6008,20.027,10.733,20.815,18.4864,18.9252,20.4276,20.434,20.2744,14.1356,20.1494,18.5398,23.9354,19.1942,19.7818,0.2312,20.4004,21.618,19.7206,19.7734,1.2738,14.9408,10.0444,20.5126,19.264,19.8232,7.8286,20.5188,15.5846,5.073
iql_aux_2p_811,17.1284,3.5682,19.3194,22.1354,20.3668,20.1868,0.3252,17.4806,21.456,16.9132,18.3318,21.4396,20.7836,18.5522,16.9074,15.1002,18.6576,7.831,14.3124,20.2224,21.2918,21.9292,8.6782,18.537,19.7506,21.6418,11.6478,21.3302,11.9212,12.5456,20.319,21.446,8.2958,18.3784,18.765,17.067,11.9384,16.1126,19.0012,18.5074,19.0604,4.2756,17.4764,19.9914,18.7804,14.3204,17.5422,4.4122,0.22,17.5934,0.2368,19.4638,17.28,22.134,20.9428,0.638,0.0084,20.013,21.2916,15.89,19.951,15.6114,21.622,6.6846,5.496,9.5154,11.6456,18.9012,17.1864,19.3694,1.8836,20.867,12.0056,21.0374,17.9118,22.1942,20.2212,22.4054,20.729,16.8148,21.4636,20.697,19.1984,22.9326,20.6046,0.6662,20.57,19.2512,12.2842,18.9404,1.8382,13.8318,9.2028,21.2128,20.2518,20.4262,12.9852,19.7494,15.3874,7.6348
vdn_aux_2p_941,15.383,6.229,21.0258,22.827,21.7462,21.7798,0.1896,18.6944,21.5014,18.2294,20.5096,21.65,21.2192,20.5182,16.0514,16.9454,19.8202,14.3732,17.6138,20.446,22.4206,20.937,13.9544,19.447,20.7094,21.9696,10.6608,23.0522,10.377,19.6622,20.6614,21.7264,14.886,17.539,19.9846,16.8624,11.6938,14.1066,19.0862,20.6948,20.397,3.864,19.68,21.8188,20.5754,18.7344,18.726,8.7662,0.458,16.5624,0.1718,20.3084,19.0084,20.4228,21.1446,0.4232,0.0006,20.7408,21.6528,18.0276,22.1782,16.6404,19.8522,5.6132,5.5258,6.625,16.4846,20.7256,18.2854,21.168,1.0294,21.4536,12.78,21.7796,19.8836,21.1046,22.3702,22.3432,21.7284,19.1272,22.2462,21.7914,19.7434,20.5084,23.907,0.4768,19.8496,18.9188,16.3374,20.089,0.8648,20.105,12.7416,21.1732,19.9344,20.2004,12.213,20.4724,15.1708,5.4476
sad_2p_2006,0.767,0.0248,0.2638,0.5758,1.2068,0.3362,0.0,0.6192,1.3522,0.2014,0.4014,0.5136,0.8998,0.2428,0.6364,0.831,0.2136,0.0308,0.1102,0.7294,0.68,0.812,0.0294,0.7558,0.9694,0.8958,0.0232,1.251,0.2378,0.0488,1.38,0.552,0.0188,0.3758,0.4596,0.0606,0.0634,0.7442,0.5956,0.5192,0.3768,0.0244,0.3016,0.2162,0.5868,0.1162,0.632,0.0,0.0184,0.9662,0.0142,0.746,0.14,0.509,1.186,0.0144,0.0,0.754,1.2514,0.4268,0.6254,0.0342,0.3992,0.347,0.0078,0.096,0.0958,0.7576,0.6708,0.5062,0.0252,0.9684,0.1728,0.6134,0.1644,0.985,0.4424,0.8084,0.2754,0.1956,0.7998,0.3794,0.1848,0.644,0.5106,23.798,0.5472,0.1182,0.0612,0.7014,0.0536,0.0804,0.068,0.8756,1.5922,0.7974,0.485,0.9274,0.732,0.105
sad_aux_2p_20019,15.27,5.8534,19.066,20.4758,21.2276,21.3884,0.1094,16.5782,21.8908,17.9148,16.877,20.3892,20.7896,18.1138,14.3206,16.665,17.0182,12.7576,11.4784,22.939,21.524,21.117,11.1776,18.4178,21.6468,18.946,9.7204,20.6832,8.1688,14.8442,21.5982,21.1698,9.814,18.6886,16.9484,14.4032,15.1584,13.6474,17.733,18.286,17.1488,3.1588,18.3766,21.2952,18.6002,17.978,15.0728,6.3916,0.1992,15.8718,0.1894,18.4946,15.2624,21.847,21.1946,0.0994,0.0008,21.4166,20.5914,17.4748,21.5866,16.0166,21.2544,4.594,4.509,4.6314,13.4266,17.844,17.0764,19.0194,0.466,21.9272,9.8996,21.7992,18.3278,20.9822,21.4988,19.9472,21.536,16.2414,21.4264,21.5368,20.3106,20.2166,19.9,0.5498,23.6288,19.5422,18.1804,18.3698,1.569,16.0492,10.4856,21.4294,22.1048,23.1456,9.2336,19.5186,13.7822,4.3462
sad_op_2p_2525,13.7014,3.8952,19.6276,20.254,18.7108,20.5524,0.5352,17.0098,19.8214,18.9578,17.1378,19.3762,19.164,18.3208,18.6412,17.077,15.6776,9.2596,17.7572,19.4558,18.182,20.9568,9.3876,17.497,19.9068,17.214,8.8448,20.6506,5.8302,14.9758,20.8602,19.8104,8.3302,18.621,18.5326,16.3658,13.5296,14.2214,15.9356,15.6334,19.6468,1.7718,17.1308,18.0554,18.78,18.6312,16.3622,6.0122,0.0256,15.7246,0.1064,20.2314,18.322,19.3784,20.1952,0.0954,0.0,18.3142,19.6488,15.494,18.6112,14.438,19.253,3.15,2.6828,4.3086,12.5348,19.007,17.8028,19.2018,0.3076,18.7886,12.4766,20.5162,16.1018,19.5092,20.8356,20.1348,18.5756,14.701,19.3858,19.436,21.5478,19.3978,19.4986,0.1588,19.848,24.122,16.8446,18.5454,1.4124,15.445,10.1466,20.0322,18.1324,19.3648,7.9504,21.0972,13.9146,5.0284
sad_2p_2001,8.5386,1.7782,13.952,14.6494,15.844,15.8922,0.0496,14.9148,15.4642,15.1126,10.9878,15.376,12.2168,13.7192,10.9942,15.7592,13.8178,8.3066,7.9308,18.262,16.7626,13.8272,9.891,13.264,19.4824,12.4032,5.7888,17.4246,2.0052,16.7674,17.5018,14.1162,8.5766,19.229,10.5,12.7012,12.6,9.436,8.5714,13.9398,12.1898,1.2482,15.7558,16.5696,16.6686,21.6452,10.823,5.8714,0.0052,9.556,0.055,16.1784,13.1264,15.0112,14.9502,0.0214,0.0,18.3114,14.9866,11.3414,17.6298,13.5866,16.481,1.0408,1.9766,2.0186,15.933,13.2618,15.6862,13.9038,0.186,17.8302,8.8238,17.891,13.2568,13.3782,17.8836,14.4484,15.944,9.9968,13.9074,15.3164,19.6474,12.2746,16.5124,0.0456,18.0796,16.8094,23.553,15.4656,0.1504,17.6188,5.4878,17.0914,16.4424,18.0534,3.1812,18.4536,8.5956,1.7506
iql_2p_424,14.9302,5.0362,19.0282,20.013,19.4278,19.237,0.2538,17.2308,20.4684,15.2704,19.5404,19.0014,18.8166,19.071,16.5718,16.4896,20.4056,10.8754,15.9418,18.2404,20.412,19.7184,11.9122,17.606,17.9208,18.6494,12.1562,20.2256,8.784,14.7758,18.706,19.4934,8.9342,18.5052,20.0772,15.2862,12.2504,14.902,17.1252,18.6484,17.165,3.278,19.1882,18.7224,20.5966,15.568,16.6786,6.7908,0.2148,16.7864,0.1642,18.933,18.4258,18.9964,19.1208,0.532,0.0282,18.7762,19.4854,17.4342,18.6764,12.5738,18.6826,4.6988,3.3272,6.348,13.6212,19.184,17.5176,19.6128,0.9556,19.4898,12.0646,19.3936,19.4214,19.7218,18.7098,20.0718,19.7814,16.31,20.7922,18.5686,19.8248,19.1104,20.4902,0.6508,18.3822,18.3852,15.1124,23.8692,2.0142,16.1698,8.157,19.529,18.0208,18.3478,10.1828,19.5028,13.991,7.0112
sad_2p_9,1.8072,0.21,1.7228,2.4866,2.0442,1.0876,0.162,1.467,1.873,1.0064,2.0994,1.189,2.3142,1.0566,1.7312,1.8572,0.9584,0.095,0.8132,1.226,1.6016,1.5308,0.44,3.0202,1.2076,1.8368,0.0384,1.7744,0.8868,0.2058,1.9008,1.488,0.2002,1.4316,1.7504,0.5198,0.3074,0.7774,1.6708,1.0112,0.7206,0.1904,2.6546,0.6876,2.6814,0.329,1.064,0.0042,0.0028,1.7802,0.065,1.0986,0.6446,1.9658,2.0516,0.001,0.0014,0.864,1.7788,1.163,1.8128,0.4408,0.7636,1.392,0.235,8.13,0.3518,2.6148,1.7754,2.4104,0.76,1.7422,0.6472,2.309,1.8924,1.8392,1.1316,1.7134,1.756,1.0206,1.3102,1.4616,1.3862,1.949,1.1098,0.0418,1.838,1.4208,0.1174,2.3592,23.916,0.21,0.0808,1.5386,2.4716,1.528,1.0046,2.785,1.3814,0.4246
sad_op_2p_2518,8.9166,1.8758,19.8398,18.5936,17.4604,16.8008,0.0156,18.5124,14.2154,20.2538,18.3336,18.0584,13.3142,21.3646,9.4806,19.4798,15.1528,14.494,16.0198,19.5346,17.739,13.988,14.983,14.9332,19.4278,14.9808,6.169,20.3456,3.6172,23.0266,16.9362,16.262,11.6688,11.8546,17.0386,18.9042,7.3618,7.1472,10.0802,15.6384,17.4102,1.2044,17.9356,18.7066,19.121,19.029,18.595,8.2388,0.0098,9.8138,0.669,20.7454,17.7772,15.4658,17.0322,0.0312,0.0,18.438,17.0656,17.517,19.3568,17.087,16.2416,0.7944,1.942,2.9962,18.9606,20.3312,15.7068,17.5662,0.1734,17.794,17.376,17.7526,18.9024,17.012,20.7072,16.2052,17.1082,16.4532,15.9698,16.5538,15.4114,13.8996,20.2932,0.0782,16.331,15.5942,17.4032,16.3466,0.276,23.3484,7.2468,18.1126,16.2664,17.2034,5.002,18.2614,6.0978,2.5692
sad_2p_2018,3.174,1.7378,13.7764,11.4798,11.7846,8.959,0.441,5.8506,7.4094,8.9512,12.4482,9.505,8.3814,12.121,9.1592,6.0456,5.0622,4.295,6.8612,7.4632,7.9214,8.8338,1.8616,6.4272,8.6912,9.0462,2.493,10.0974,6.7372,6.8368,9.0668,10.2016,2.0844,9.5348,9.1564,8.7708,3.9474,1.9998,4.6674,7.6376,10.3788,0.5458,9.666,10.8518,8.8088,5.2588,8.3166,1.8982,0.0602,5.567,0.0464,11.3832,8.116,13.5582,12.4228,0.0716,0.0056,6.666,9.9216,10.941,7.901,6.5058,6.9918,0.7064,1.2854,0.642,2.397,13.1672,5.68,10.3266,1.0718,9.2116,4.4786,12.1292,8.2468,11.7508,10.2858,8.8218,7.6078,8.284,8.2082,9.5768,9.84,10.651,12.8522,0.0412,10.6088,9.916,5.2736,8.6824,0.0584,6.943,23.874,12.0104,7.9574,10.9384,3.517,11.5846,5.7382,1.6298
vdn_aux_2p_9111,16.6134,7.1568,20.7716,22.672,21.873,21.6238,0.209,17.7124,21.7328,18.7048,19.6378,23.1488,20.8782,19.7488,16.6354,16.682,17.9296,15.9962,16.5696,20.8756,20.4654,21.8372,12.9942,18.5216,22.4306,21.6206,13.1276,21.602,11.5678,17.2644,22.8528,22.844,10.6816,19.23,19.8166,16.2352,14.4832,14.138,18.9986,19.7662,19.9266,3.681,20.0044,21.7682,20.0188,17.8918,17.6424,7.3218,0.483,17.8696,0.378,18.7962,17.6034,21.4464,22.0838,0.3646,0.0082,22.334,21.951,18.9912,21.6256,15.908,21.0822,5.8666,5.2074,5.7466,14.0998,19.3182,18.0048,20.486,1.061,20.018,11.7466,22.7454,19.203,22.0314,21.2776,22.5286,21.4576,18.0768,22.4466,21.8952,20.251,21.1134,21.2192,0.8306,21.4352,19.8594,16.8822,19.4576,1.5186,17.8494,11.188,23.7694,20.6438,21.6412,11.4992,20.1654,15.779,6.0922
iql_aux_2p_810,17.6626,6.5226,17.6792,19.7654,20.7986,20.8496,0.3622,16.4976,20.8898,16.8038,16.4016,19.8814,21.2556,16.6186,12.4012,15.8348,17.9976,13.7194,12.7138,21.4164,20.7164,20.2216,11.7234,19.09,21.027,19.84,11.1508,20.4972,11.4004,14.2584,20.2834,21.6028,7.1418,17.9714,17.2984,13.1112,12.7932,12.7158,17.5164,18.5506,16.4856,4.1832,18.4556,20.7834,18.146,15.8862,14.9112,6.0094,0.4486,16.9722,0.2306,17.1502,13.6144,21.3278,21.0722,0.4154,0.0072,20.7398,20.153,16.4652,21.0242,13.7842,19.7492,6.5434,5.1898,7.9008,12.1238,16.6182,15.185,18.2172,1.1624,20.9594,9.5204,21.0558,18.4188,20.4094,21.2412,19.7684,21.0622,15.8346,21.0254,19.4768,18.792,19.9276,19.7586,1.6266,21.7432,17.3128,15.8644,17.2462,2.4136,15.666,5.9392,20.3136,23.2058,21.7692,11.2586,17.7848,14.438,6.369
iql_aux_2p_8111,16.6848,6.303,19.4592,20.7128,21.6966,21.9914,0.2038,16.8644,21.8386,17.1236,17.7224,20.6296,21.1704,18.335,16.0694,15.5142,16.686,12.1958,13.9968,22.9902,20.72,21.2782,10.8276,19.1932,21.9026,19.3678,10.84,20.618,11.734,15.7248,22.1004,22.081,10.5936,18.9508,17.9008,16.2554,12.3476,14.355,17.589,18.2786,18.4502,2.8392,18.4394,21.771,18.9694,18.0304,16.9302,6.8022,0.372,16.6418,0.375,18.671,15.1622,21.261,21.4852,0.1528,0.0054,21.128,21.0904,16.366,21.8246,14.4416,21.2384,7.3094,5.0432,6.8944,12.5784,17.916,17.262,19.8006,0.9278,21.617,9.8554,21.8106,17.7966,20.9354,21.6722,20.3282,21.228,16.3686,22.0708,22.4464,19.8308,20.1736,20.334,0.6796,23.0546,19.1534,17.8452,17.8532,1.0664,16.9034,10.8084,21.5528,21.9094,23.6104,11.5718,19.898,14.2192,5.9494
iql_op_2p_600,5.9916,6.1894,12.941,12.3866,12.035,10.3678,0.23,6.6438,10.598,9.645,13.5732,10.501,11.5576,11.4698,9.261,7.751,9.6594,5.9874,8.141,10.1352,11.0112,10.015,2.7256,6.89,8.458,11.9732,2.6172,10.8566,11.3392,4.7506,10.6196,11.531,0.4628,8.0274,13.206,7.5794,3.9274,6.0276,6.0776,10.48,11.112,1.0396,11.11,11.034,12.264,3.483,11.6704,1.123,0.0176,5.8318,0.0456,12.0376,9.1598,11.5596,12.536,0.217,0.0066,9.2002,12.8452,13.1118,9.706,3.8224,8.0118,5.798,0.417,6.1188,1.3172,12.4722,6.6128,10.6296,0.9602,11.7988,9.4898,11.2622,10.3172,12.4746,9.8602,11.0524,10.7824,11.3042,12.448,12.554,7.7808,12.4392,12.4044,0.329,9.4926,7.0144,2.9522,10.0106,0.7384,4.7436,3.3694,11.7936,11.3648,11.7836,23.792,11.4034,4.9742,1.9636
iql_op_2p_612,15.6652,6.7506,20.9202,20.5946,19.528,19.5996,0.7142,19.251,20.2594,19.0732,20.8322,19.2154,18.0222,20.528,21.43,18.3484,17.8948,13.5604,19.1658,19.803,18.9882,20.724,12.3306,18.4216,19.86,18.2534,13.5798,20.49,11.0882,17.6714,20.6078,19.4744,9.4094,21.4594,20.0126,16.9188,16.5156,17.2318,17.4698,18.5836,21.084,3.2334,18.3608,19.1952,21.9084,19.4682,19.8782,6.246,0.1748,16.261,0.4054,20.3166,20.6646,19.025,19.6522,0.5072,0.0192,18.6182,20.1404,19.823,18.5188,17.041,19.4354,5.6508,3.8708,6.5674,15.5968,21.3238,20.0318,21.0722,0.5056,19.4238,16.2672,20.9308,18.2076,19.422,19.5952,20.1748,19.2876,18.7016,19.921,19.2802,20.2282,19.7628,20.6332,0.9664,19.4706,20.3936,18.1858,19.6696,2.4164,17.5048,10.8394,20.2934,18.33,19.8062,11.4884,23.5472,16.2614,7.6676
vdn_op_2p_7712,11.2068,1.8842,9.6412,15.1206,15.5888,14.5814,0.3316,13.1604,17.1048,9.8324,10.9482,14.935,16.3468,11.7976,12.674,12.912,14.7688,9.1696,5.9488,13.726,16.606,14.4652,4.1864,13.6806,13.9178,17.6868,10.1212,13.9034,5.78,6.2858,15.78,15.8812,4.428,17.4522,12.7142,8.4006,15.2834,18.767,11.5758,15.6658,11.569,2.5944,12.9684,15.2776,13.8324,8.3888,12.3288,5.0468,0.048,15.4076,0.0548,14.021,10.3822,17.9966,17.1298,0.6174,0.0248,15.9216,15.984,13.5488,13.4722,6.719,14.1742,2.0874,2.1772,4.319,5.3788,11.4434,12.9424,13.4632,0.3524,15.8112,5.7006,16.335,11.0388,14.6988,12.5022,16.6458,16.3002,12.9454,15.5706,9.1742,15.553,15.2898,15.5452,0.5918,13.8452,13.5866,7.9534,13.6344,1.0922,5.713,5.0052,15.9038,15.4278,14.139,4.7942,16.0788,23.418,7.0494
vdn_op_2p_7771,7.9584,0.9314,8.9516,6.942,7.9524,4.1572,0.3358,8.8648,6.0598,5.432,9.6822,3.2896,7.5502,7.6402,5.6924,8.3408,4.6216,5.3488,8.3682,3.2448,5.9964,5.791,3.5884,9.4984,4.3476,5.2592,0.2468,6.042,4.0406,3.4906,4.3136,7.2532,2.4766,6.1556,8.9326,5.358,4.0088,5.1194,6.3592,6.2266,5.4962,13.573,6.1808,3.3688,7.3072,1.6316,7.7232,0.0072,0.1396,8.5046,4.1306,7.984,6.1072,6.0782,7.153,0.2148,0.008,3.4016,6.2908,7.4958,4.4304,6.7308,2.3224,1.818,13.004,2.5062,3.0816,8.9848,8.9758,8.9268,0.7272,5.481,6.409,5.4382,7.2114,6.0128,4.3878,5.3728,4.9854,9.3478,5.5502,4.6268,5.049,7.1592,5.7656,0.0574,4.559,4.8706,1.571,6.9662,0.5164,2.4014,1.713,6.1886,6.1184,6.2184,1.9226,7.4674,7.1642,23.8836
