,iql_op_2p_600,iql_op_2p_618,iql_aux_2p_804,sad_aux_op_2p_25018,sad_2p_9,iql_2p_7,vdn_aux_2p_971,iql_op_2p_6110,iql_aux_2p_800,sad_aux_op_2p_25000,vdn_op_2p_77111,sad_aux_op_2p_1,vdn_aux_2p_940,sad_op_2p_2525,iql_op_2p_610,vdn_2p_7110,vdn_op_2p_7711,iql_2p_424,sad_op_2p_2518,vdn_2p_770,iql_aux_2p_8110,iql_op_2p_621,sad_aux_2p_10,sad_aux_2p_20006,vdn_op_2p_7742,sad_aux_op_2p_25025,sad_2p_2007,sad_op_2p_2500,iql_aux_2p_810,iql_2p_210,sad_2p_1,vdn_2p_740,iql_aux_2p_8111,sad_op_2p_2519,iql_op_2p_620,sad_aux_2p_20007,iql_2p_224,sad_aux_op_2p_25024,sad_2p_2006,sad_op_2p_2501,vdn_op_2p_7772,sad_aux_2p_1,iql_aux_2p_811,vdn_2p_726,sad_op_2p_1,vdn_aux_2p_9112,sad_aux_op_2p_25019,vdn_op_2p_729,vdn_aux_2p_970,sad_aux_op_2p_25001,vdn_aux_2p_9141,sad_op_2p_2524,vdn_aux_2p_941,vdn_op_2p_7712,vdn_op_2p_727,vdn_2p_7140,vdn_2p_711,vdn_op_2p_7741,iql_2p_510,iql_aux_2p_8140,vdn_2p_720,sad_2p_2018,iql_aux_2p_840,sad_aux_2p_20019,sad_op_2p_2507,sad_2p_2000,sad_aux_2p_20001,iql_2p_111,sad_2p_2025,sad_aux_op_2p_25007,sad_aux_2p_20024,iql_2p_4,iql_op_2p_6140,vdn_aux_2p_910,iql_2p_288,sad_aux_op_2p_2,vdn_op_2p_77112,sad_op_2p_2,sad_2p_2024,sad_aux_op_2p_25006,sad_aux_2p_20025,vdn_aux_2p_9111,vdn_aux_2p_911,vdn_aux_2p_9142,iql_op_2p_700,iql_2p_488,iql_op_2p_612,iql_2p_310,vdn_2p_7141,vdn_2p_710,vdn_op_2p_7771,iql_aux_2p_8141,iql_aux_2p_841,sad_2p_2019,sad_aux_2p_20018,sad_op_2p_2506,vdn_2p_725,sad_2p_2001,iql_op_2p_710,sad_aux_2p_20000
iql_op_2p_600,23.792,10.6296,6.89,10.7824,0.7384,8.0274,10.598,12.264,12.8452,9.8602,10.3172,6.0776,12.3866,7.0144,5.7938,9.645,9.4898,10.0106,4.7436,6.1894,12.035,6.6128,9.6594,8.0118,0.217,10.015,1.123,4.7506,11.3648,11.3392,7.5794,9.1598,11.7836,3.4866,12.472,10.1352,10.48,10.3678,0.329,3.8224,12.941,11.112,12.4394,5.9874,2.7298,11.0112,9.7058,5.8318,11.0524,5.9916,11.531,8.141,12.4008,4.9742,7.7808,6.0276,11.11,0.417,6.6466,12.47,3.9274,3.3694,11.799,9.4926,0.0176,1.3172,8.458,11.6704,0.23,11.034,11.5576,6.1188,13.206,11.5596,13.1118,12.448,11.4698,0.0456,2.6172,12.554,10.501,11.7896,12.5322,10.6196,13.5776,11.3042,11.4034,7.751,0.9602,12.0378,1.9636,11.9732,11.2622,0.4628,9.2002,0.0066,1.0396,2.9522,9.261,10.8566
iql_op_2p_618,10.7802,23.7726,19.3616,20.0318,2.102,17.8022,19.7006,20.8724,20.47,20.1556,19.75,17.9376,21.23,18.5066,5.0546,19.8436,16.7802,19.587,16.8094,4.7612,20.145,20.841,17.8852,18.6174,0.562,19.8986,1.2992,16.9502,18.6024,12.101,16.982,19.684,20.189,13.914,22.0888,19.9492,20.6388,20.5134,0.3836,19.005,21.9338,21.9626,19.4376,14.5522,14.4438,20.0584,19.3198,17.5886,19.9638,16.1582,20.365,20.691,21.232,13.4936,18.1444,15.098,19.1306,4.8132,20.861,20.3894,14.788,9.8974,19.803,18.997,0.1478,16.127,19.4226,21.0832,0.4142,20.1276,19.1748,7.5922,21.8802,19.1426,20.8812,20.6954,21.476,4.9978,5.4762,19.3736,20.1152,20.6962,20.1078,20.3566,22.2638,21.0148,21.0316,19.411,0.9624,21.2256,9.1574,19.0222,20.7612,13.3012,19.106,0.0092,3.2742,12.8224,18.5858,21.137
iql_aux_2p_804,6.3068,19.1546,23.9528,18.911,2.3564,16.9406,18.6624,18.2088,18.8112,19.756,16.9428,19.114,19.9024,17.0942,6.7666,15.4474,12.1578,17.4704,14.6424,4.1614,18.8322,18.6262,15.0558,17.3064,0.5254,17.7154,0.453,13.8118,19.1174,10.3556,13.1932,15.7978,19.4508,14.703,17.9492,18.2564,17.6952,18.6086,0.6696,16.2606,18.4728,17.5586,18.6498,11.9012,12.749,18.5246,19.535,18.2902,18.8198,19.4994,19.028,11.8024,19.3206,13.08,17.2532,14.3396,16.6184,6.2128,17.84,18.3068,14.0806,5.8924,19.1488,18.5046,0.5784,15.6716,19.1882,16.7516,0.2308,17.2816,18.8168,6.8886,17.7636,18.9888,15.596,17.9332,17.4888,5.076,2.6472,18.5604,17.0378,18.4822,18.9638,18.5294,17.9276,16.88,18.2656,17.4306,1.8176,17.5688,9.083,17.3926,19.0346,12.3774,16.2688,0.0176,4.649,12.753,15.3964,19.0492
sad_aux_op_2p_25018,11.2078,19.8102,18.7452,23.7094,1.3378,18.8674,21.7614,20.107,22.1462,21.8102,20.7118,17.401,21.9958,17.3714,4.1906,17.0672,10.1308,19.4156,15.9904,5.5184,21.8116,16.442,21.8808,20.9068,0.1086,20.9076,6.7244,15.0732,21.2222,9.9152,14.8622,15.8714,21.4808,16.105,18.9768,21.3302,20.6478,22.3014,0.249,15.273,19.5176,19.0922,20.4674,13.6854,14.8328,22.3794,22.656,16.7662,21.8668,15.9564,22.196,13.5214,21.6722,16.127,20.2512,16.6806,20.8552,3.369,17.7912,21.2808,12.1884,6.0272,21.712,21.4236,0.063,13.3772,21.8786,17.0972,0.282,23.0386,22.2786,5.9102,18.974,21.7264,18.2164,23.0218,19.0996,0.2606,12.6936,21.7828,21.9418,21.3756,22.0252,21.7414,18.6402,18.1204,18.9878,16.0028,0.8436,18.9872,5.4254,22.0382,21.7834,5.1246,22.4244,0.0,3.5,15.2666,13.5934,22.1926
sad_2p_9,1.0046,2.4104,3.0202,1.756,23.916,1.4316,1.873,2.6814,1.7788,1.1316,1.8924,1.6708,2.4866,1.4208,1.392,1.0064,0.6472,2.3592,0.21,0.21,2.0442,1.7754,0.9584,0.7636,0.001,1.5308,0.0042,0.2058,2.4716,0.8868,0.5198,0.6446,1.528,0.329,2.6148,1.226,1.0112,1.0876,0.0418,0.4408,1.7228,0.7206,1.949,0.095,0.44,1.6016,1.8104,1.7802,1.7134,1.8072,1.488,0.8132,1.1098,1.3814,1.3862,0.7774,2.6546,0.235,1.467,1.8392,0.3074,0.0808,1.7422,1.838,0.0028,0.3518,1.2076,1.064,0.162,0.6876,2.3142,8.13,1.7532,1.9658,1.163,1.3102,1.0536,0.065,0.0384,1.4616,1.189,1.5386,2.0516,1.9008,2.0994,1.018,2.785,1.8572,0.76,1.0986,0.4246,1.8368,2.309,0.2002,0.864,0.0014,0.1904,0.1174,1.7312,1.7744
iql_2p_7,7.477,17.3072,16.7242,18.6312,1.2904,23.8642,20.0386,19.421,18.0702,15.3716,15.7636,16.1546,17.3286,17.4196,4.0708,12.184,12.5292,18.187,10.2398,4.4156,17.2348,18.2572,18.1556,16.4038,0.4316,19.133,6.1962,9.74,18.0546,6.4266,10.5412,15.9504,18.6402,16.0818,17.2494,16.3498,18.4818,17.9354,0.3366,9.652,16.704,16.4366,17.4104,7.79,8.2072,17.99,16.4828,15.253,18.1324,15.3696,17.9054,13.6214,16.6894,17.3012,19.6988,17.6122,16.4996,2.355,17.2006,17.0806,17.881,7.9344,18.1648,18.1632,0.1358,8.163,16.704,14.5954,0.117,17.3506,17.4716,4.3668,16.0784,18.1292,15.545,18.7864,15.5976,0.0938,14.8118,15.9716,16.9606,18.8964,16.727,18.8738,16.3726,15.1794,21.2916,15.4384,0.6128,15.9446,6.3314,16.5902,18.8388,7.0534,18.522,0.0088,2.4948,17.8266,19.7192,17.67
vdn_aux_2p_971,11.0314,19.6874,18.606,21.8152,1.544,20.1042,24.2982,19.5072,21.6644,20.4566,17.7826,19.4148,21.6458,19.5696,6.9472,16.361,9.3944,20.2802,13.5244,6.2872,22.0474,17.0502,20.3516,20.709,0.7626,23.2722,4.5228,12.4334,21.2758,10.634,13.4828,16.8116,21.6926,15.8844,18.7306,21.898,19.3376,21.6388,1.402,12.021,19.1944,19.1878,21.3216,11.906,9.8182,22.549,20.9544,18.2934,22.6458,17.0506,22.044,17.2034,21.5578,17.0878,20.5272,16.924,18.5006,4.1642,16.7134,21.7238,14.2958,6.8778,22.5282,21.909,0.5362,9.9796,20.7792,16.8434,0.1496,20.5996,21.916,6.2998,20.0924,21.4872,17.3422,23.2422,17.9384,0.581,12.1912,20.8352,20.869,21.7756,21.6652,21.5504,18.6706,16.4252,20.1166,15.7534,1.6296,18.96,5.9278,21.8734,22.4786,5.712,21.6108,0.015,2.6848,15.3872,16.9584,21.9104
iql_op_2p_6110,12.3966,21.0334,18.314,20.2686,2.7226,19.8174,19.689,23.7048,20.2592,20.1374,20.1986,17.6662,20.6798,18.4124,5.0286,19.9604,15.5446,20.6426,18.8504,6.2756,19.5774,19.3618,18.7278,18.314,0.5914,19.3506,9.7012,18.694,18.4916,10.8118,18.0552,20.2756,19.2564,17.3634,21.2102,19.9416,19.3266,19.366,0.6284,15.1384,21.1774,20.3688,18.8722,14.7988,15.0222,19.9638,19.494,16.5152,19.866,14.872,19.7638,18.7104,20.7774,14.2798,19.5372,15.5966,20.132,3.6062,19.1914,19.6582,14.2608,8.9756,18.8506,18.7608,0.22,15.8476,20.0424,20.3204,0.2108,19.9644,18.8702,8.2842,21.2194,19.1626,20.963,20.463,21.6986,0.2216,12.7266,19.1824,19.4418,20.3324,20.06,20.2802,21.4278,18.4096,21.939,19.1768,0.8126,20.5004,7.3308,18.9208,20.1388,9.3136,19.2182,0.0076,3.0306,16.5926,18.3054,20.4624
iql_aux_2p_800,12.6954,20.6928,18.7912,22.0136,1.6818,18.2914,21.5498,20.0898,24.0232,21.5398,19.2684,18.5536,22.5558,19.162,6.9588,20.3314,10.1366,19.0202,16.3534,7.668,22.3006,17.3542,18.6692,21.8856,1.0282,21.8956,5.9194,16.3254,20.4912,13.7468,15.3602,16.811,21.0772,15.891,19.7094,21.4354,18.902,21.9162,1.3026,15.6346,20.4762,20.637,21.0966,13.1158,11.7012,20.8124,21.8056,16.7282,23.0772,16.3046,22.3144,16.435,21.9054,15.428,19.3886,13.9006,18.5968,5.7964,17.2966,21.6824,12.5784,8.47,21.3218,20.6132,0.74,12.354,21.7004,18.737,0.4378,21.488,21.8764,6.2894,19.782,21.1328,17.9144,22.633,19.8422,0.6338,10.739,22.1686,22.1102,21.8782,22.6252,22.7796,20.022,17.7668,19.9958,17.3998,1.1474,19.811,6.167,22.274,21.24,7.2914,19.8864,0.0296,3.3396,14.2506,16.3822,21.6064
sad_aux_op_2p_25000,9.6716,20.1152,19.9018,22.0594,1.1666,16.6746,20.331,19.8316,21.5004,23.405,19.8366,16.784,21.9496,20.6558,4.1526,18.931,13.5666,18.5574,20.5374,5.293,21.5618,17.656,18.4304,20.9852,0.1456,19.924,7.366,19.8228,21.3894,8.839,17.5644,17.5458,21.829,19.7884,19.755,21.88,18.9914,22.479,0.3774,17.2586,20.5518,19.766,20.022,14.2308,14.7964,21.4206,22.8324,15.4772,21.3456,15.496,21.6222,15.027,22.4174,12.0488,20.2072,14.3416,19.611,5.0794,18.6292,20.9818,10.7202,10.3024,21.1412,21.467,0.2192,17.0568,22.2146,18.4548,0.1934,22.5478,21.2612,6.1556,18.3432,21.2746,17.3848,21.4018,20.0648,0.305,7.5082,21.6546,21.8288,21.4302,21.7558,21.626,18.6122,17.8854,19.8142,17.8868,0.9178,20.4828,4.8098,20.1668,21.5716,12.823,21.4808,0.0,3.2594,17.6636,12.931,22.5556
vdn_op_2p_77111,9.9174,19.9712,17.274,20.9236,2.0992,16.1624,17.9126,20.1948,19.6256,19.9612,23.7334,14.0984,19.0492,15.9144,1.7002,20.0934,13.676,19.6314,19.0364,4.5912,19.2852,15.9278,20.6008,18.357,0.1488,16.815,10.5516,18.5982,18.9854,7.5542,18.0124,17.4518,18.2038,13.918,20.0266,20.0654,20.719,18.9048,0.1758,15.5544,20.5112,18.6252,17.8714,16.3888,12.6326,20.7656,19.7132,16.4612,18.7454,13.5928,19.7108,16.6548,20.1026,11.84,18.718,13.503,22.2492,3.8558,18.5998,18.1846,12.3402,7.4806,19.229,18.548,0.034,15.3556,19.5694,18.4456,0.1166,20.6224,18.5486,6.6466,19.5976,19.16,20.5054,20.3278,21.2654,0.104,13.3112,17.8914,19.3376,19.4508,19.8514,18.703,19.1414,20.3048,18.2878,19.4846,0.4438,20.8104,7.2304,19.3862,18.9408,11.2076,20.4812,0.0022,3.916,13.5474,10.8348,20.7906
sad_aux_op_2p_1,5.879,18.0998,19.2586,17.172,1.3928,16.489,19.3992,17.3272,18.813,16.965,14.0886,24.1432,20.1708,15.0246,4.3066,14.5598,10.605,17.0332,9.5546,4.2468,18.3084,16.6252,13.964,14.9354,0.5288,18.4614,1.0082,9.2588,17.5766,8.8524,9.8136,12.8584,17.6572,9.428,17.2886,16.4758,16.3468,15.454,0.5212,13.6764,17.478,15.9802,18.9168,10.2608,8.7288,19.5856,15.6848,17.6122,19.0282,17.5552,18.732,11.6932,19.1586,11.3504,14.4104,11.1532,14.8378,3.9582,14.9972,18.6832,11.3426,3.9802,17.1756,18.1608,0.212,12.8386,17.8952,14.7706,0.1514,15.5334,16.8972,3.7428,17.883,18.8446,16.119,18.6876,16.5076,0.3282,4.6164,16.7346,17.3472,18.9944,18.8944,17.4024,17.7224,15.8762,17.3692,15.8006,0.8108,16.0558,6.1362,17.7654,18.8312,10.0672,15.038,0.036,3.0608,8.024,13.3888,18.3316
vdn_aux_2p_940,12.1442,21.1378,19.8588,21.8936,2.2094,17.9416,21.5646,20.3508,22.5048,21.8186,19.0362,19.8746,23.9246,19.7966,5.6568,19.1332,12.8254,19.8692,18.2472,6.731,21.2626,18.1862,19.871,21.793,0.5422,22.0622,5.6408,17.4102,19.8774,12.6338,17.0118,18.4442,20.7328,16.5308,20.4234,20.8522,19.7352,21.7322,0.621,15.4986,20.9424,20.9718,21.9366,13.2106,13.1622,21.8928,21.6344,17.07,23.2204,17.104,22.788,17.0328,22.7312,14.675,19.3772,14.1912,18.9084,4.2436,18.421,22.9524,11.3334,9.6112,20.794,20.515,0.3008,14.9704,21.2302,19.0824,0.4388,21.8446,21.5878,8.4024,20.5464,21.9516,18.3332,22.8916,19.8424,0.3028,9.895,22.4806,23.2734,22.7214,21.6384,21.7376,20.5146,18.6774,20.4732,17.131,1.0498,19.9248,6.5336,22.211,22.3574,10.0112,21.1472,0.0028,2.9274,14.3308,16.8272,22.2522
sad_op_2p_2525,7.9504,19.2018,17.497,18.5756,1.4124,18.621,19.8214,18.78,19.6488,20.8356,16.1018,15.9356,20.254,24.122,3.15,18.9578,12.4766,18.5412,15.4456,3.8988,18.7094,17.8032,15.6778,19.253,0.0954,20.9568,6.0122,14.9758,18.1324,5.8302,16.361,18.322,19.3648,18.631,19.007,19.4558,15.6286,20.5524,0.1588,14.438,19.6276,19.6468,19.3978,9.2642,9.392,18.182,18.6112,15.7246,20.135,13.6992,19.8104,17.7572,19.498,13.9146,21.5528,14.2214,17.1308,2.6828,17.0136,19.5092,13.5296,10.1466,18.789,19.8486,0.0256,12.5348,19.9072,16.3622,0.5352,18.0554,19.164,4.3086,18.5376,19.3784,15.494,19.3858,18.3206,0.1064,8.8448,19.4366,19.3762,20.0322,20.1952,20.8604,17.1378,14.701,21.0972,17.077,0.3076,20.2314,5.0284,17.214,20.5158,8.3302,18.3142,0.0,1.7718,16.8446,18.6412,20.6514
iql_op_2p_610,5.5686,5.1554,6.7392,4.1664,1.2056,4.4666,6.726,4.776,6.5448,4.174,1.7756,4.2,5.8472,3.029,23.4378,2.362,2.7392,4.5168,0.8452,2.58,6.8198,5.005,2.1898,3.3162,0.1636,5.2272,0.0104,0.7888,6.9406,4.0636,0.9908,3.0322,7.4848,1.2458,3.5514,3.1728,4.1172,5.2234,0.3346,1.7462,4.0992,2.7292,6.6178,1.3924,1.0646,4.7462,4.0044,3.7726,6.1148,6.5726,6.2022,2.7502,5.6426,2.2824,3.0498,2.5132,2.4244,0.4934,4.3448,5.686,4.0994,0.6288,6.6494,4.5606,0.0152,1.2248,4.7124,3.5594,0.049,3.6354,6.382,6.4592,3.861,5.5156,3.4462,5.011,3.0952,0.7616,0.157,6.0896,4.4922,5.9564,5.9126,5.2898,4.3772,2.9156,5.5982,4.3882,1.415,2.9352,1.6296,5.462,6.9,0.5382,2.7342,0.0888,0.6624,1.1658,4.4464,4.3814
vdn_2p_7110,9.6494,20.2154,15.9144,18.028,1.0316,14.2274,17.055,20.1094,20.737,19.145,20.1908,14.8828,19.4026,19.0194,2.445,23.747,17.4214,15.6268,20.2766,3.1278,18.8484,18.0528,16.2734,17.1548,0.268,17.4064,8.1332,21.2648,17.428,7.9174,17.5054,17.4464,17.826,17.1212,21.5662,20.1484,15.2816,17.4968,0.2166,18.2094,21.6936,21.2306,16.9126,14.2136,12.2894,17.3848,17.924,14.1192,17.8932,12.7552,17.7748,19.8686,18.506,10.5324,17.0498,12.6962,18.8154,3.9318,19.8404,17.0364,9.4208,7.7098,17.159,18.4152,0.0236,17.2866,19.4162,21.358,0.0626,17.9204,16.364,5.736,19.2036,16.043,19.3658,17.8682,21.62,0.1772,6.3876,18.836,18.77,19.0158,19.3504,19.6056,20.461,17.3642,20.0022,20.0312,0.2776,21.4174,5.4484,16.4272,18.0588,13.738,18.233,0.0006,2.2046,14.9296,14.6664,19.7278
vdn_op_2p_7711,10.0352,17.081,13.8108,10.8544,0.6646,12.6546,9.8514,15.5844,11.3866,13.6916,13.6166,11.0152,13.7986,12.1122,3.3086,17.7244,23.4376,12.7834,17.694,2.8138,11.5402,17.1986,10.288,8.9312,0.0778,11.3276,1.7724,17.3024,10.0314,9.3902,13.4302,14.0566,10.5816,10.484,18.6786,13.4494,10.9758,9.9966,0.1416,16.662,17.3824,15.5716,12.0856,10.8892,10.884,10.322,10.6222,10.822,10.0924,10.9614,10.1104,12.8352,13.3754,5.403,10.983,4.6496,12.576,2.0992,17.4468,11.1982,6.954,5.0552,10.8022,10.067,0.0514,17.1296,11.61,15.6806,0.024,9.9542,10.2044,4.4402,16.632,9.9572,16.6146,10.7134,17.9536,0.0728,7.0282,10.9794,10.7286,12.6508,12.388,10.9374,18.6752,14.2622,16.2962,17.8326,0.2722,17.5608,6.636,8.931,11.6724,8.7428,10.4252,0.003,1.8494,8.6776,15.1356,15.008
iql_2p_424,10.1824,19.6128,17.606,19.7812,2.0142,18.5052,20.4684,20.5966,19.4854,18.709,19.4214,17.1252,20.0176,18.3802,4.6988,15.2704,12.0646,23.8688,16.1698,5.0362,19.4278,17.5176,20.4056,18.6826,0.5314,19.7184,6.7908,14.7758,18.0208,8.784,15.2862,18.4254,18.3478,15.568,19.184,18.2404,18.6482,19.2378,0.6508,12.5738,19.0282,17.165,19.111,10.8754,11.9122,20.412,18.6764,16.7864,20.0714,14.9302,19.4934,15.9416,20.4902,13.991,19.824,14.902,19.1882,3.3272,17.2318,19.7214,12.2504,8.157,19.4898,18.3822,0.2148,13.6212,17.918,16.679,0.2538,18.7224,18.8166,6.348,20.0772,18.9964,17.4342,20.7922,19.071,0.1642,12.1562,18.5732,19.0014,19.5292,19.1208,18.706,19.5404,16.31,19.5028,16.4896,0.9556,18.933,7.0112,18.6494,19.3898,8.9342,18.7762,0.0282,3.278,15.1128,16.5718,20.2216
sad_op_2p_2518,5.002,17.5662,14.9332,17.104,0.276,11.8592,14.2154,19.121,17.0656,20.7078,18.9026,10.0766,18.5936,15.5898,0.7944,20.2538,17.376,16.351,23.3484,1.8758,17.4614,15.7068,15.1528,16.2418,0.0312,13.9876,8.2388,23.0264,16.2662,3.6172,18.9002,17.7772,17.2038,19.029,20.331,19.5346,15.6344,16.8008,0.0782,17.087,19.8398,17.4102,13.8996,14.494,14.9802,17.739,19.3568,9.8132,16.2098,8.9166,16.2572,16.0198,20.2938,6.0978,15.4078,7.1472,17.9438,1.942,18.5156,17.012,7.3618,7.2468,17.794,16.331,0.0098,18.9606,19.4284,18.5952,0.0156,18.706,13.3142,2.9962,17.0394,15.4658,17.517,15.973,21.3646,0.669,6.169,16.5588,18.0592,18.1128,17.0322,16.936,18.334,16.4492,18.2612,19.4798,0.1734,20.7496,2.5692,14.9806,17.7526,11.6688,18.4338,0.0,1.2044,17.3982,9.4806,20.346
vdn_2p_770,5.925,4.6178,4.5132,5.127,0.1862,4.7592,6.0726,6.242,8.0676,5.7244,4.8766,3.8844,6.3536,3.6864,2.5992,3.2068,2.5908,5.3436,2.0224,24.0504,6.207,4.014,3.907,4.535,0.1706,4.7596,0.4232,1.6892,6.7858,2.324,2.2264,3.4564,7.2984,2.496,4.364,7.806,5.6778,4.615,0.0194,1.6962,5.4952,3.9678,3.4562,0.6428,1.0486,5.9766,6.1276,3.7054,6.2496,2.7744,4.9324,1.985,6.3964,2.063,4.6384,3.6256,5.3762,0.8772,3.6546,5.995,1.946,1.678,6.785,5.766,0.3318,0.7446,7.3294,4.5304,0.9494,5.1352,3.8066,3.8974,5.2348,4.7804,3.4264,6.2218,4.67,0.092,1.1508,8.4052,6.8052,8.2016,4.5928,7.698,4.9056,3.878,7.1868,4.1618,0.6702,5.5722,0.976,6.4666,6.5526,0.4814,5.4852,0.0,1.42,1.7052,3.9522,8.1152
iql_aux_2p_8110,11.6662,20.1864,18.754,21.9372,1.8558,17.6418,21.989,19.444,22.3864,21.441,19.3464,18.3206,21.2876,18.5352,6.7278,18.4498,10.6928,18.9734,17.0906,5.6616,23.442,17.1112,18.244,19.8668,0.4116,21.2038,7.1086,16.2948,21.086,10.9966,14.6404,17.1412,21.5438,17.081,18.9444,21.6392,19.1338,21.7494,0.9318,15.7176,20.2782,19.76,20.2254,14.935,12.1818,21.6336,22.0204,16.7736,21.6588,17.1674,21.9316,15.9986,21.8946,15.5334,18.9934,15.3628,19.3294,6.3774,16.8052,20.3876,13.283,11.016,21.9022,21.228,0.6894,14.0666,21.6106,17.5864,0.1394,21.3584,21.6582,6.027,19.0578,20.0756,17.7244,22.4144,19.137,0.4784,11.1844,21.8774,20.856,21.8226,22.6286,21.928,19.0246,17.2386,19.529,16.8812,1.1052,18.9606,7.754,21.2448,22.1164,10.4296,21.0492,0.0018,4.3994,15.7592,15.237,22.1438
iql_op_2p_621,6.6062,20.88,18.9026,16.7836,1.7296,18.481,17.074,19.3396,17.6422,17.7622,16.2828,16.8502,18.4864,17.8626,5.1926,17.7704,16.7764,17.6328,15.4584,3.9244,17.5666,23.2084,13.874,15.4392,0.3954,16.5986,0.4044,15.6926,15.6296,9.5744,15.5642,18.8262,17.6774,16.1074,19.3204,17.2272,16.4764,15.7932,0.5914,18.1676,19.1954,18.4998,17.467,11.9914,12.3662,16.8088,15.9156,16.6528,17.2514,15.3866,17.0588,14.8422,18.504,12.7686,17.865,14.5038,16.7564,3.9026,20.522,16.3378,16.8444,5.6908,17.3318,17.1234,0.172,16.557,17.5128,17.8576,0.2124,16.2802,15.2166,8.266,17.6638,16.5594,16.8144,15.743,18.7848,9.9326,2.8558,17.5414,15.8352,18.2374,17.0952,17.54,18.4384,16.975,20.002,19.2872,0.7144,18.794,8.7616,15.2374,18.717,14.557,14.9316,0.023,2.9032,15.4814,18.7556,18.556
sad_aux_2p_10,9.6248,18.0852,15.103,21.6808,0.791,18.5916,20.5018,18.5906,18.7874,18.508,20.4828,14.389,20.065,14.8012,2.3994,15.8606,10.2634,20.36,14.7608,3.9554,18.3524,13.7056,24.042,17.7,0.1352,18.0104,6.8086,14.0672,18.1804,9.063,15.6792,14.7048,17.0882,13.3206,18.5886,18.4104,20.428,18.0544,0.211,12.7804,17.4096,17.0202,18.9204,11.9654,15.1294,22.184,18.8046,14.343,19.4816,11.6584,18.4418,15.2952,19.981,14.6192,18.467,15.9854,20.4724,1.5818,17.0682,19.109,10.2218,4.2386,19.2454,17.0748,0.055,11.042,17.0734,15.9204,0.119,19.8624,19.2658,3.4544,17.8956,19.3864,17.9366,20.695,18.162,0.2648,15.3184,16.527,18.3938,18.1982,18.907,17.7128,17.9964,17.8028,17.9148,15.6922,0.292,18.3574,4.5828,20.4478,18.642,3.732,20.985,0.0008,2.3258,13.0052,12.5536,20.7516
sad_aux_2p_20006,8.0514,18.3414,17.3352,21.1078,0.742,17.1162,20.912,18.0574,21.9888,20.9636,18.0296,14.9574,21.8388,18.934,3.4202,16.9082,8.8764,18.6136,16.0522,4.3428,19.987,15.1376,17.4686,23.8714,0.1226,21.17,3.757,15.7736,20.1006,7.0784,15.1936,16.2128,21.5186,17.8732,17.814,21.6758,17.734,21.2638,0.4758,13.682,18.731,18.4788,21.4012,8.7862,9.8706,20.6908,21.08,14.5716,22.1436,11.9266,20.2866,14.2278,20.063,13.8668,19.9528,14.0354,17.2878,3.1482,14.6976,21.811,10.8234,6.4062,21.707,21.329,0.1618,11.1932,20.949,16.3162,0.1474,20.4896,20.335,3.9352,16.4568,22.2114,14.5422,21.1374,17.9808,0.6808,7.5724,20.7868,21.5902,21.0896,20.9554,21.8866,16.9072,15.7636,19.4024,13.3614,0.5228,18.9426,2.3626,20.3494,20.3072,4.6928,19.007,0.0,2.336,16.257,14.8296,20.3152
vdn_op_2p_7742,0.2024,0.5948,0.5558,0.0988,0.0012,0.4566,0.6968,0.4854,1.2018,0.1462,0.1514,0.65,0.5234,0.074,0.1314,0.236,0.0852,0.6038,0.0318,0.1758,0.4132,0.4454,0.1406,0.1132,23.6172,0.5698,0.0006,0.031,0.4246,0.3252,0.0424,0.1278,0.1906,0.0096,0.5784,0.0984,0.3462,0.1284,0.0084,0.144,0.2418,0.1712,0.703,0.0242,0.015,0.4416,0.099,1.1596,0.7384,0.4262,0.3712,0.053,0.3258,0.6596,0.1732,0.133,0.0874,0.5664,0.3396,0.949,0.0902,0.0794,0.2928,0.1046,0.0748,0.0456,0.336,0.3524,0.0396,0.0918,0.6296,0.091,0.6806,0.446,0.5064,0.319,0.1658,0.0124,0.0166,0.0978,0.24,0.324,0.5878,0.3986,0.7194,0.309,0.5172,0.3826,0.1026,0.3348,0.208,1.0532,0.2694,0.0142,0.131,0.0404,0.0346,0.017,0.6698,0.4298
sad_aux_op_2p_25025,10.3408,19.764,17.7716,20.819,1.35,19.4732,23.2844,19.284,21.8956,19.6692,16.1654,18.7158,22.0008,20.2796,5.3942,16.4584,11.0574,19.6356,12.4942,4.4944,21.251,16.341,17.5598,20.991,0.5904,24.0942,2.4258,12.0248,20.418,10.6354,13.6188,16.9,21.2246,14.503,19.1408,20.7074,17.7668,21.9108,0.6336,10.7666,19.24,19.998,21.7008,11.0652,8.144,20.8886,19.2842,16.7138,22.6524,16.8524,23.0458,17.513,21.0176,14.2766,19.4092,15.1674,16.5542,2.2984,15.8386,22.5704,12.1408,7.2328,21.276,20.8018,0.2458,7.7368,20.3586,17.4636,0.4578,19.7594,22.323,5.486,20.7908,21.3714,17.0174,23.4974,18.1684,0.1926,8.4364,20.4112,21.6854,21.8436,21.6704,21.6976,19.337,17.0264,20.4942,14.74,1.1386,19.2202,5.5472,21.2824,21.9498,5.4318,19.4242,0.0492,1.7862,13.3256,18.4348,20.8346
sad_2p_2007,1.1792,1.4582,0.6248,7.019,0.0,6.7678,4.5642,9.371,6.3316,7.4484,10.3112,1.0144,5.978,5.6374,0.016,8.5658,1.7466,7.2042,8.467,0.4538,7.2524,0.4456,6.7704,3.756,0.0,2.9164,24.0338,9.4746,6.5042,0.3944,8.2904,4.517,7.2414,8.106,7.9196,6.9614,4.6576,5.0604,0.0092,0.816,7.0578,4.4674,4.1162,2.3776,1.3092,7.0718,7.4662,0.9374,4.7426,0.1026,4.808,2.0436,8.9906,4.9316,10.5056,4.3518,12.9908,0.0,0.8348,5.9346,0.5862,1.9886,5.396,6.5976,0.0026,0.0,10.6048,6.8596,0.013,7.3336,4.0654,0.0964,7.0062,6.46,6.8624,4.6638,8.5132,0.0044,1.614,4.7668,7.0004,7.7402,8.9458,6.658,6.6354,9.6214,6.3532,1.276,0.041,9.7234,0.0076,7.013,7.1546,0.0046,7.7082,0.0,0.0004,5.6708,3.153,5.9932
sad_op_2p_2500,4.6344,17.8268,13.8594,15.647,0.2,10.7652,13.0062,18.822,16.8118,20.01,19.1472,9.644,17.7466,15.2448,0.8936,21.198,17.343,15.2202,22.9806,1.5716,16.331,15.877,14.7524,15.6814,0.0324,12.8656,9.907,23.2516,14.656,4.2102,20.2822,16.5286,15.927,18.5042,20.705,19.1042,14.2992,15.4952,0.0674,17.5634,19.6416,17.068,12.5872,13.8882,14.5096,16.6042,18.0682,8.6626,14.7872,8.7076,14.1466,15.0352,19.7814,6.7048,14.364,8.5486,17.554,1.107,18.7594,15.4348,6.3572,6.1758,16.581,14.9364,0.0024,18.9696,18.8938,19.8676,0.0342,17.76,12.676,2.8648,16.815,14.743,16.9454,14.9984,21.2824,0.0396,4.7496,15.225,16.7348,17.4288,16.8002,16.0964,18.2576,16.7682,18.021,19.7608,0.0586,21.0052,3.455,14.2908,16.466,18.0582,17.3658,0.0,1.5272,16.798,9.713,19.4268
iql_aux_2p_810,11.2586,18.2172,19.09,21.0626,2.411,17.9714,20.8898,18.146,20.1532,21.241,18.4188,17.5164,19.7654,17.3128,6.5434,16.8038,9.5204,17.2462,15.666,6.5226,20.7986,15.185,17.9976,19.7492,0.4154,20.2226,6.009,14.2544,23.2058,11.4004,13.1112,13.6144,21.7692,15.8862,16.6182,21.4164,18.5506,20.8496,1.6266,13.7842,17.6824,16.486,19.9278,13.7204,11.7234,20.7164,21.0238,16.9722,19.768,17.6626,21.6028,12.7146,19.7586,14.4382,18.7916,12.7158,18.4556,5.1896,16.4976,20.4094,12.7932,5.9392,20.9594,21.7432,0.4486,12.1238,21.027,14.9112,0.3622,20.7834,21.2556,7.9008,17.2976,21.3276,16.4652,21.025,16.6186,0.2306,11.1512,19.4768,19.8818,20.3136,21.0722,20.2832,16.4016,15.835,17.7848,15.8348,1.1624,17.1502,6.373,19.84,21.0558,7.1418,20.7388,0.0072,4.1866,15.8644,12.4012,20.4972
iql_2p_210,11.003,12.0396,10.391,9.2218,0.6578,6.278,10.5616,10.467,13.5898,8.898,7.6788,8.7624,12.8064,5.6278,3.941,7.554,9.032,8.1434,3.2242,2.2598,11.5738,9.7906,8.787,6.88,0.3206,10.4806,0.4168,3.9142,11.6942,23.8912,4.8566,5.9682,12.2894,2.3664,11.2236,8.2964,9.0714,10.0418,0.2616,4.6576,11.7136,10.9156,11.6376,6.492,2.9002,9.9174,7.768,8.9756,10.6828,9.4504,12.7722,6.861,10.2908,5.5556,6.318,4.6226,8.1302,0.53,9.2074,12.7272,3.0508,5.7706,10.244,8.2382,0.019,2.5326,8.6006,9.25,0.1934,9.5008,12.5256,4.6176,12.4064,11.6078,12.605,12.3826,10.3228,0.0736,2.996,11.3332,9.4548,12.1594,11.9686,10.101,12.379,7.8994,10.8806,9.4356,0.4144,9.2614,4.079,10.9736,9.7742,0.9118,8.0288,0.008,0.8694,1.935,7.7454,10.9842
sad_2p_1,7.5406,17.6598,13.3492,15.5632,0.5682,12.1504,14.0438,18.0358,15.8382,17.8838,17.9144,10.2974,17.7832,16.1804,0.874,17.2574,12.923,15.2426,18.8202,2.411,14.526,15.44,16.1068,15.6116,0.039,14.39,8.0832,20.2986,13.678,4.943,23.8336,15.1166,16.2692,12.7192,19.6692,15.892,15.519,14.7156,0.028,17.5798,19.8324,17.608,16.9842,9.3832,9.7804,16.7676,15.2506,12.9544,15.1334,11.1176,15.3112,16.988,17.4056,9.0116,16.5032,7.76,16.8422,2.7052,18.3856,18.2226,6.647,8.118,14.3198,14.4548,0.0094,16.2712,14.9606,18.4966,0.0504,17.6128,14.9482,2.8468,18.2616,17.0454,19.6106,15.197,20.8458,0.0826,7.8342,15.2642,15.5552,16.86,16.2788,16.1226,19.205,18.6164,17.8136,15.8602,0.188,19.5568,5.5198,15.2826,14.8198,14.7286,17.294,0.0,2.0552,12.3828,11.1428,17.5496
vdn_2p_740,9.2928,19.6334,15.819,15.9212,0.5748,16.365,16.8332,20.1424,16.7142,17.2662,17.209,12.64,18.2444,18.2632,3.0114,17.1038,13.8224,18.4696,17.6556,3.3656,16.702,18.6794,14.8258,15.8804,0.1274,17.129,4.7828,16.365,13.662,6.0412,15.3462,23.9788,14.663,16.3186,20.2294,16.4188,16.804,15.7992,0.1774,13.4724,19.8554,18.2864,16.978,12.6268,8.8832,16.972,16.02,13.596,17.883,11.694,15.8664,15.3614,19.0646,10.3844,17.3648,10.2748,15.7462,2.8556,16.8118,16.643,11.068,7.3934,17.4524,14.9146,0.1096,13.5166,15.0174,17.0344,0.1772,15.4566,15.0938,4.362,18.0188,15.5866,16.8066,16.7588,18.9146,0.0698,7.4542,16.3236,15.5612,17.535,16.5098,16.8262,19.8094,16.6516,20.7614,17.2858,0.3012,19.2322,6.0826,15.2912,18.5002,8.4812,16.1366,0.0,2.7268,13.0126,17.6592,19.1344
iql_aux_2p_8111,11.5718,19.8006,19.1932,21.2288,1.0664,18.9512,21.8384,18.9688,21.0904,21.672,17.7978,17.5888,20.7128,19.1534,7.3092,17.1266,9.8536,17.8532,16.903,6.303,21.6966,17.2626,16.686,21.2384,0.1528,21.2778,6.8072,15.7248,21.9092,11.7334,16.2554,15.1626,23.6104,18.0304,17.9154,22.9902,18.2784,21.9914,0.6796,14.447,19.4592,18.4462,20.1742,12.1914,10.832,20.7204,21.8246,16.6418,20.3276,16.6848,22.081,13.9968,20.3338,14.2192,19.8308,14.355,18.4388,5.0458,16.8644,20.9354,12.3432,10.8044,21.617,23.0542,0.372,12.5784,21.9014,16.9306,0.2038,21.771,21.1704,6.8944,17.901,21.261,16.3698,22.0702,18.335,0.375,10.8356,22.4464,20.6296,21.5528,21.4852,22.1004,17.7224,16.3686,19.898,15.5102,0.9278,18.6712,5.9494,19.3674,21.8106,10.6018,21.128,0.0054,2.8392,17.8452,16.0694,20.6212
sad_op_2p_2519,3.5088,14.9638,15.1436,17.1056,0.3762,17.9074,16.4634,17.5778,16.9312,20.0062,13.9562,9.5504,16.9876,18.5448,1.0716,17.2036,10.6862,15.9818,19.1546,2.5536,17.3128,16.3822,14.2358,18.148,0.0198,15.4712,8.0844,18.3938,16.4288,2.5018,12.6928,16.2928,18.0628,23.4732,14.6684,18.6902,13.806,17.6578,0.1136,14.9606,15.542,14.2784,14.5448,9.6468,10.7886,17.5934,19.1858,10.8026,17.0114,9.0188,15.4002,10.3942,19.1226,9.3302,20.4792,11.6912,16.1782,2.0162,15.1726,15.9018,13.907,4.2074,18.5836,18.2974,0.003,16.9202,20.7098,12.4942,0.3398,17.7004,13.5284,2.2278,11.7662,16.4992,12.3546,15.0632,15.2222,0.1604,7.4004,16.4154,17.298,18.2104,16.537,18.6352,12.6466,10.7896,19.9082,16.6736,0.0922,17.4506,1.733,14.9328,19.0172,9.2844,18.2308,0.0,1.2746,21.6912,12.8082,19.1652
iql_op_2p_620,12.5168,22.1302,18.1888,19.0706,2.6904,17.4834,18.5996,21.3014,20.0396,19.9104,20.0812,17.5028,20.6042,18.8696,3.785,21.48,18.7206,19.553,20.4002,4.3462,19.2008,19.3112,18.873,18.2676,0.6492,19.2006,7.881,20.7584,17.0044,11.1704,19.7534,20.3292,18.124,14.754,23.4036,20.1056,19.8504,18.9446,0.7406,15.9694,22.5024,21.9642,19.0384,15.195,13.4094,18.9716,18.1888,15.2928,18.8012,14.6532,19.0106,21.2426,20.7708,11.9936,16.5064,12.569,18.8852,3.3774,20.8224,19.6826,13.7816,13.1328,18.4788,18.1194,0.167,17.3206,18.4178,21.6654,0.1352,19.262,17.01,7.342,21.5112,17.878,21.7494,19.4202,22.9268,0.1352,12.4646,18.3078,19.154,19.5718,19.291,19.1064,22.67,21.4256,21.4076,20.3576,0.743,22.0398,9.1962,17.8814,19.7936,11.697,18.328,0.019,2.8638,13.2982,18.7652,20.6152
sad_aux_2p_20007,10.0306,20.1282,18.1908,21.7516,1.2444,17.0454,21.6234,19.826,21.3748,21.9092,19.7898,16.534,20.9786,19.0044,3.257,19.9176,12.8766,17.8706,19.562,7.5068,21.6516,16.8818,18.3186,21.7208,0.0752,20.842,6.5816,18.9812,21.7554,7.9236,15.577,16.7916,22.9758,18.3044,19.9416,23.8986,17.6128,21.4352,0.59,15.6344,20.5852,20.2586,20.0238,14.709,13.4344,21.3858,21.768,14.6174,19.874,13.0268,21.0278,16.0576,20.5582,13.202,19.601,12.6042,19.1548,3.86,17.2228,20.8676,10.5834,6.9652,22.2358,23.0714,0.2188,15.2358,21.4012,18.5206,0.1164,21.6882,20.914,4.3072,18.6378,20.9144,18.2628,22.0532,20.2448,0.4858,8.067,21.5784,19.8936,20.8042,21.74,21.696,19.304,16.7714,19.7212,17.573,0.3888,20.4578,3.1098,18.8988,21.4588,5.3824,20.8728,0.001,2.1092,17.9234,14.2072,21.059
iql_2p_224,10.5962,20.6098,17.9688,21.2804,1.0314,18.7186,19.5276,19.0126,19.3414,19.2052,20.6274,16.4354,20.1396,15.4094,4.4404,14.8782,10.5916,18.7864,15.2586,5.3026,19.3242,16.205,20.5664,18.0254,0.3432,17.9924,4.8442,13.989,18.7978,9.2602,15.4008,17.0256,18.581,13.3368,19.4686,17.9684,24.0484,19.9202,0.5146,13.9636,19.543,18.3078,18.7266,14.5278,13.9084,20.5938,19.5536,16.1576,20.0976,14.221,19.7218,15.7188,20.9822,15.6456,17.4132,14.3912,20.1678,3.5136,18.553,19.5302,12.7962,7.5996,19.7214,18.5714,0.3282,12.2498,18.4704,17.0622,0.284,20.7136,19.154,4.3282,19.2734,20.0436,18.6328,20.4838,19.1824,0.1978,10.901,18.0836,20.2354,19.995,18.9596,19.295,19.3978,19.6708,18.7274,15.6508,0.8676,17.9464,6.556,20.2468,19.9668,10.7472,20.429,0.0122,4.3932,13.4172,12.3212,20.4536
sad_aux_op_2p_25024,10.2154,20.3194,18.7104,22.3386,1.028,18.3216,21.6902,19.1524,21.963,22.4668,18.5166,15.386,21.7374,20.4166,5.5136,17.0386,9.4626,19.0136,16.0874,4.7516,21.7714,15.4708,18.4274,21.2808,0.115,21.9148,4.9066,15.1676,21.151,10.5484,14.2252,15.4892,21.98,17.2206,18.6078,21.4168,19.691,24.122,0.3506,12.678,19.3252,19.1322,20.1826,11.6448,10.0424,21.2594,22.7138,16.896,21.6972,17.2944,22.8584,15.5166,21.8676,14.207,20.5482,15.227,18.551,3.3036,15.8814,21.251,11.4376,7.8322,21.4596,21.2548,0.3468,9.2718,21.8222,16.7932,0.129,22.581,23.3848,5.3922,19.3232,21.232,17.0942,22.5916,18.3812,0.2002,8.785,21.7954,22.0848,21.5872,21.7248,22.742,18.2328,17.2064,19.5658,14.833,1.3504,18.674,4.4432,20.86,21.888,6.589,21.5766,0.0012,2.426,15.7178,14.9744,21.7096
sad_2p_2006,0.485,0.5062,0.7558,0.2754,0.0536,0.3758,1.3522,0.5868,1.2514,0.4424,0.1644,0.5956,0.5758,0.1182,0.347,0.2014,0.1728,0.7014,0.0804,0.0248,1.2068,0.6708,0.2136,0.3992,0.0144,0.812,0.0,0.0488,1.5922,0.2378,0.0606,0.14,0.7974,0.1162,0.7576,0.7294,0.5192,0.3362,23.798,0.0342,0.2638,0.3768,0.644,0.0308,0.0294,0.68,0.6254,0.9662,0.8084,0.767,0.552,0.1102,0.5106,0.732,0.1848,0.7442,0.3016,0.0078,0.6192,0.985,0.0634,0.068,0.9684,0.5472,0.0184,0.0958,0.9694,0.632,0.0,0.2162,0.8998,0.096,0.4596,0.509,0.4268,0.7998,0.2428,0.0142,0.0232,0.3794,0.5136,0.8756,1.186,1.38,0.4014,0.1956,0.9274,0.8294,0.0252,0.746,0.105,0.8958,0.6134,0.0188,0.754,0.0,0.0244,0.0612,0.6364,1.2532
sad_op_2p_2501,3.6376,19.3508,16.3796,16.1202,0.406,10.5528,12.4982,14.943,15.8572,17.2672,15.764,14.078,15.7218,14.0636,1.731,17.9552,16.467,12.496,17.0568,1.7082,16.4606,18.402,12.5526,13.7882,0.1554,11.2978,0.9586,17.6248,14.4862,4.6538,17.5368,13.3762,14.749,14.6942,15.8956,15.9594,14.0752,12.5258,0.0402,23.2346,16.4594,14.5406,15.7696,11.5804,13.908,16.5586,15.6716,14.702,13.4216,13.0456,13.873,11.9274,16.873,6.6598,14.9002,8.3526,15.5752,2.8036,19.692,12.3998,13.129,6.1654,16.1572,16.412,0.0018,19.508,16.4554,14.2254,0.0456,15.9218,12.1588,3.936,12.341,15.4052,16.265,12.3386,15.5308,9.307,2.3384,15.2042,14.1062,16.2992,15.737,13.5554,14.8922,15.2402,16.948,20.3744,0.1436,17.819,6.4774,13.0164,15.422,18.1148,14.7984,0.0,2.1104,13.428,8.3264,17.9904
vdn_op_2p_7772,13.112,22.0312,18.5666,19.6732,1.7212,16.9774,19.3132,21.1256,20.677,20.635,20.1936,17.757,21.3458,19.3568,4.1004,21.8118,17.387,19.1724,19.7106,5.287,20.3286,18.9304,17.513,18.784,0.2996,19.5422,7.4164,19.447,18.27,11.6586,19.61,19.884,19.8618,15.5272,22.5776,20.649,19.5236,19.6584,0.2694,16.305,23.9834,21.8266,19.1862,15.9256,13.0376,19.542,19.7122,16.1262,20.0512,14.7798,20.2684,18.7642,21.2808,10.106,17.532,12.5788,19.0442,4.8268,20.4146,20.2028,13.1492,13.8992,19.4982,19.2868,0.1088,15.6116,19.7924,20.8834,0.1628,19.9382,18.5482,7.1982,21.2136,18.995,21.187,20.692,22.4998,0.155,11.3416,19.6528,20.1156,20.7172,20.3662,20.3232,22.0804,21.1726,20.9326,19.923,0.6372,21.6438,8.8664,18.65,20.5046,12.497,19.382,0.0,3.4296,13.6946,17.1734,21.0964
sad_aux_2p_1,11.2858,22.088,17.8522,18.9402,0.689,16.8766,18.9848,19.8674,20.7664,20.0024,18.2102,16.328,21.2508,19.3366,3.376,21.2566,15.0394,17.3544,17.0036,4.0316,20.0644,18.2746,17.2312,18.4414,0.1496,20.2738,4.0354,16.891,16.5892,11.2588,17.2944,18.25,18.8918,14.0682,22.0632,20.4882,18.003,19.292,0.3118,14.5288,21.9064,24.0672,18.8174,13.2924,12.114,17.641,18.6038,13.7112,19.9134,12.9948,19.7278,20.687,20.5876,11.6768,17.2118,9.7118,17.3914,2.2684,18.32,19.6974,12.0,9.3912,17.6478,17.1346,0.0604,11.5522,20.1278,20.9814,0.2086,18.043,18.0084,4.584,21.3724,17.5902,18.9538,20.718,21.4032,0.3086,8.5874,19.0868,18.753,19.7406,21.1856,20.7,22.0574,19.674,21.1264,17.2112,0.3312,20.6504,5.746,18.3248,20.7464,8.296,16.1994,0.0018,1.4316,11.71,18.2678,19.5382
iql_aux_2p_811,12.9852,19.3694,18.537,20.729,1.8422,18.3798,21.456,18.7762,21.2916,20.2212,17.9118,19.0012,22.1354,19.2514,6.6846,16.9132,12.0056,18.941,13.8318,3.5682,20.3668,17.1864,18.6576,21.622,0.6406,21.9292,4.4122,12.5456,20.2476,11.9212,17.0666,17.28,20.4262,14.3206,18.9012,20.2224,18.5074,20.1868,0.6662,15.6162,19.3194,19.0604,22.9326,7.831,8.674,21.2918,19.951,17.5934,22.4054,17.1282,21.446,14.3124,20.6042,15.3874,19.199,16.1126,17.4766,5.4956,17.4806,22.1942,11.9384,9.2028,20.8676,20.57,0.22,11.6456,19.7506,17.5422,0.3252,19.9914,20.7836,9.5186,18.7648,22.134,15.89,21.4636,18.5522,0.2368,11.6478,20.697,21.4396,21.2132,20.9428,20.3194,18.3318,16.8148,19.7494,15.1002,1.8836,19.4638,7.6346,21.6408,21.0374,8.2958,20.013,0.0084,4.2756,12.2842,16.9066,21.3304
vdn_2p_726,6.168,15.2586,12.2626,15.0922,0.1128,8.9178,12.2046,14.5556,13.6306,14.4586,16.3522,10.5284,13.8104,8.8766,1.43,14.2466,10.8376,11.3456,14.7006,0.6824,15.516,11.645,12.5078,9.1162,0.0312,11.8568,2.5094,13.9706,14.6434,6.9782,9.9462,13.1902,13.3756,9.604,15.443,14.7604,15.0916,12.6214,0.0474,11.88,16.246,13.6666,7.6416,23.7298,12.6022,14.1752,15.9516,10.4688,11.434,8.4864,13.8282,13.6286,15.1244,9.4912,9.3012,7.0392,17.8416,3.5004,14.2116,12.5458,4.0518,4.563,13.6868,13.5304,0.0726,11.8816,14.3382,13.2776,0.0272,15.9382,11.8218,2.0196,14.6732,12.7762,18.437,14.766,15.6652,0.2092,3.0308,13.8574,14.7244,16.3646,14.0174,13.4982,16.0848,15.7406,14.4504,15.0554,0.2376,12.8472,5.6132,12.2196,12.9606,8.0936,16.831,0.0,5.53,8.2976,7.5896,16.693
sad_op_2p_1,2.677,14.8618,12.947,15.656,0.4882,10.0114,10.9404,15.8866,12.821,15.6716,13.5594,9.0656,13.794,10.0148,1.1484,14.1218,11.3428,12.494,15.9596,1.219,13.1836,12.3926,15.7886,10.1028,0.0288,9.0062,1.0414,15.8214,12.7548,3.3558,10.4382,10.3812,12.1814,11.6258,14.4498,14.4446,14.5012,11.3112,0.0316,14.2402,13.933,12.3992,9.3588,12.962,23.785,15.3704,15.2172,10.4634,11.415,7.4848,10.5662,9.1158,15.6374,5.0076,10.5844,8.5824,16.188,1.2776,18.882,12.2512,7.559,1.8268,13.8224,12.1902,0.0016,18.5542,16.4196,12.9524,0.0296,14.4134,10.1752,2.412,12.9306,11.8126,14.5346,11.7898,15.4838,7.7232,1.5282,10.7794,14.005,13.7004,13.3092,12.3042,13.3296,15.8112,13.4308,18.174,0.1,14.3256,3.4602,12.8316,14.0996,15.2342,15.012,0.0,2.181,10.5846,6.0458,15.3694
vdn_aux_2p_9112,11.4618,20.1198,18.5158,22.4812,1.283,18.8794,22.5936,19.6844,20.9084,21.548,20.5234,19.4908,21.9446,18.1424,4.6092,16.8496,9.59,20.032,17.3018,6.0562,21.3938,16.6296,22.3066,20.7028,0.4876,20.8736,7.2424,16.409,20.9142,10.4104,16.3546,16.9818,20.7612,17.2392,18.8132,21.2118,20.6748,21.1544,0.796,16.4716,19.3458,17.4594,21.2714,13.56,13.8228,23.8738,21.8176,17.5116,21.8308,16.1652,21.512,14.9142,22.4522,16.3192,19.9138,15.062,20.3552,4.9394,18.4796,21.3006,11.7378,7.0868,22.7544,21.6138,0.3188,14.6126,20.115,16.4842,0.3614,21.4932,21.8762,7.4544,19.2176,21.6492,17.484,22.2746,18.8272,0.1952,14.2524,21.2352,20.8212,20.4334,20.9526,19.6392,18.075,17.8578,18.9738,16.2516,1.107,19.3738,6.1368,21.9988,21.3958,9.2604,21.5718,0.0014,4.0682,16.2554,13.5062,22.6106
sad_aux_op_2p_25019,9.8742,19.344,19.668,22.7586,1.6842,17.4748,20.8864,19.221,21.8466,22.9612,19.1576,15.9842,21.718,18.3292,4.1134,17.6692,10.4672,18.2784,19.1144,5.8108,22.066,15.6338,19.2614,20.984,0.1224,19.7574,7.249,17.926,21.3238,8.2038,15.3656,15.8312,22.0302,18.9324,17.8486,21.819,19.5394,22.8622,0.659,15.623,19.5548,18.5452,19.8014,15.5282,14.5066,21.7474,23.6262,14.758,21.5352,15.1818,22.1654,14.4646,22.2434,13.2596,19.8866,13.5306,19.306,4.5194,16.9004,20.9454,10.7118,7.2616,21.6752,21.7118,0.3148,15.6882,22.2954,16.398,0.1378,23.2764,21.9068,5.506,17.5458,21.3588,17.3912,22.0978,18.4934,0.4456,9.3716,21.6366,21.9572,21.6776,21.7178,22.0836,17.5626,16.7086,18.4062,16.0828,0.8892,18.8694,4.7752,20.9126,21.7482,6.5024,21.8814,0.0,3.111,17.478,12.7204,21.9646
vdn_op_2p_729,5.6674,17.3796,18.1006,16.4346,1.4488,15.2082,18.303,16.203,16.6304,15.0934,16.1284,17.494,16.7958,14.7852,3.8408,13.3576,10.4976,16.635,8.2536,3.4382,16.4866,16.6514,14.0734,14.305,1.1768,16.3984,0.6872,7.8238,16.7666,8.7888,11.8282,13.6168,16.4676,9.5286,15.0086,14.4542,15.8598,16.5384,0.8162,14.5892,15.837,13.2344,17.2738,9.952,9.9758,17.2176,14.0626,24.1592,17.2822,20.196,17.6018,12.6842,16.2252,15.1668,17.8034,14.063,16.9294,6.5872,16.1252,15.8874,13.9106,4.9926,16.207,15.6612,0.3514,11.0878,16.793,13.8248,0.1612,14.1974,17.887,4.1532,17.9552,17.7734,14.541,16.3584,15.086,5.6966,3.332,13.3664,15.1552,17.6718,17.9326,17.2968,15.1002,13.7044,16.0258,15.8026,0.827,16.0498,8.591,16.8808,16.8454,7.9692,15.1176,0.1012,6.0616,8.9856,12.5018,17.3428
vdn_aux_2p_970,11.0132,20.0788,18.8034,21.778,1.4076,18.7618,22.5628,19.7312,23.0316,21.2504,18.5206,19.188,23.2586,19.9444,6.1512,17.3994,9.5702,20.1064,15.7174,6.7782,21.616,17.0476,19.7572,22.0712,0.7164,22.7548,5.1084,14.58,19.9232,11.4446,14.588,17.9416,20.4988,16.5486,18.9734,20.1096,19.7116,21.7454,0.8082,13.2526,19.86,19.9856,22.3,10.6628,10.3014,21.843,21.4414,17.7416,24.2558,15.9722,22.3712,15.7696,22.4984,16.442,20.283,16.113,18.674,4.7014,15.719,22.4632,12.7792,6.9106,21.0748,20.0394,0.5266,11.6838,21.371,17.04,0.629,21.0568,21.6778,7.1724,19.7914,21.9008,16.7264,22.801,19.0032,0.9246,10.3322,21.4224,23.0012,22.5732,22.0174,22.3466,19.1654,16.9934,20.0752,15.595,1.1848,18.8928,5.5558,23.4154,22.0888,6.1528,21.0764,0.0086,3.1166,14.0918,16.8504,22.3022
sad_aux_op_2p_25001,5.8092,15.912,19.5462,15.5818,1.6158,15.0054,16.7694,14.9628,16.2,15.3454,13.4358,17.2732,17.114,13.0706,6.3542,12.619,10.0786,14.4682,8.1282,2.9718,16.9322,14.9782,11.1834,11.293,0.4474,16.8098,0.0862,8.6244,17.616,9.6044,10.8146,11.8246,16.8088,8.4018,14.3706,12.91,13.5738,16.814,0.7148,12.5554,14.357,12.6874,17.0438,7.8926,7.4074,15.788,14.7918,20.1102,15.5908,23.4874,18.1632,10.9632,15.2992,10.8604,14.604,11.4262,13.2176,4.1766,14.3626,15.338,11.5296,2.759,15.6064,15.3284,0.333,9.4932,15.3674,14.1846,0.2604,13.3716,19.6124,6.039,15.9086,17.2352,13.1744,15.337,13.0524,1.6692,1.2642,14.8302,12.2534,16.5194,17.4578,14.4038,15.3468,13.2396,15.4828,14.4984,1.667,13.5758,8.141,15.3212,15.902,7.1424,12.4832,0.0128,3.1358,7.6912,13.3092,16.129
vdn_aux_2p_9141,11.661,20.2558,19.1612,22.171,1.3528,18.2952,22.1514,19.636,22.2068,21.5512,19.4822,18.6536,22.7068,19.4834,6.064,17.1458,9.5906,19.3862,15.4894,4.4578,21.7906,16.7468,18.6256,20.3522,0.3588,22.9854,4.358,14.0238,21.6746,12.3416,14.7816,15.9996,22.0506,14.495,18.7984,21.0758,19.4954,22.7686,0.4198,13.5904,20.0828,19.5278,21.1516,13.358,8.9652,21.352,22.0238,17.643,22.2684,18.256,24.156,17.3516,21.7694,15.9562,20.3028,15.0358,19.7924,5.144,16.1204,22.4824,10.8852,9.298,20.8474,20.9564,0.6138,10.3324,21.8286,17.4002,0.2462,21.7732,23.3128,6.2014,20.6294,22.075,17.8108,23.5348,19.1634,0.3812,10.363,22.2456,22.4944,22.629,22.3728,22.2808,19.1626,17.9178,19.3652,15.6214,1.6238,19.2348,7.3622,21.818,22.229,7.6858,21.489,0.006,3.6326,13.6212,14.9882,21.5844
sad_op_2p_2524,8.4976,20.6444,11.6238,13.4008,0.7266,13.9572,17.02,18.2106,16.2104,15.0768,16.462,11.3194,17.5594,17.2918,2.98,19.4824,13.124,15.216,15.7524,1.8378,15.2156,14.7578,15.206,14.0066,0.0542,17.4228,2.38,14.7478,13.1978,6.913,16.3108,15.0936,13.544,9.9648,21.2964,16.4674,15.26,16.0334,0.143,12.0226,18.568,20.6452,13.4194,12.9294,8.0858,14.355,14.189,12.9286,15.4662,11.4862,16.61,24.0786,17.5608,6.4514,13.4506,9.6112,16.5336,1.9274,15.919,16.3998,7.2034,6.3066,14.1762,10.6432,0.0192,13.5752,12.9886,20.5976,0.0762,14.7442,16.1558,3.6782,21.0072,14.2516,19.578,17.9668,20.8348,0.0596,5.5036,13.4516,13.3848,16.273,16.956,14.7316,21.0724,17.6758,19.1884,18.0724,0.224,20.4582,8.2486,13.4574,15.0004,11.273,12.641,0.0018,1.6162,7.9454,15.2784,17.0598
vdn_aux_2p_941,12.213,21.168,19.447,21.7284,0.8616,17.539,21.5014,20.5754,21.6528,22.3698,19.8836,19.0862,22.827,18.9188,5.6132,18.2294,12.7798,20.0882,20.105,6.229,21.7462,18.2854,19.8202,19.8522,0.4232,20.937,8.7662,19.6622,19.9344,10.377,16.858,19.0084,20.2004,18.7344,20.7256,20.442,20.6948,21.7798,0.4768,16.6404,21.0258,20.3966,20.5084,14.3734,13.9544,22.4202,22.1782,16.5624,22.3432,15.383,21.7262,17.6138,23.907,15.1708,19.7434,14.1066,19.68,5.5258,18.6942,21.1044,11.6974,12.7416,21.4536,19.85,0.458,16.4846,20.7094,18.726,0.1896,21.8192,21.2192,6.625,19.9846,20.4228,18.0232,22.2462,20.5182,0.1718,10.6608,21.7912,21.65,21.1732,21.1448,20.6614,20.5096,19.1272,20.4722,16.9454,1.0294,20.3086,5.4476,21.9696,21.7838,14.8856,20.7408,0.0006,3.864,16.3374,16.0514,23.0522
vdn_op_2p_7712,4.7942,13.4632,13.6806,16.3002,1.0922,17.4512,17.105,13.833,15.9842,12.5022,11.0388,11.5758,15.1206,13.5866,2.0874,9.8324,5.7006,13.6344,5.713,1.8842,15.5888,12.9424,14.7688,14.1708,0.6182,14.4652,5.0468,6.2858,15.4278,5.78,8.4006,10.38,14.1396,8.3888,11.4434,13.726,15.6658,14.5814,0.5918,6.719,9.6412,11.569,15.2942,9.1696,4.1902,16.6062,13.4722,15.4076,16.6458,11.2068,15.8814,5.9488,15.5458,23.418,15.5528,18.767,12.9684,2.1772,13.1604,14.6988,15.2844,5.0052,15.8112,13.8452,0.048,5.3788,13.9178,12.3288,0.3316,15.2776,16.3468,4.319,12.7142,17.9968,13.5488,15.5706,11.7976,0.0548,10.1212,9.1742,14.934,15.9038,17.1298,15.78,10.9482,12.9454,16.0786,12.912,0.3524,14.021,7.0494,17.6868,16.335,4.428,15.9248,0.0248,2.5944,7.9534,12.674,13.9034
vdn_op_2p_727,7.8286,18.1736,17.6474,20.2744,1.2738,19.8144,20.5908,19.2588,19.522,20.4276,18.4864,14.8782,19.6662,21.614,3.06,16.7158,10.733,19.7734,14.9408,4.7176,19.3242,17.6604,18.7412,20.0632,0.1716,19.437,10.669,14.0964,19.264,5.8744,16.2232,17.2606,19.8232,20.2126,15.9696,19.678,17.134,20.6826,0.2312,14.9232,17.4264,17.2512,19.1942,9.1208,9.62,20.029,20.0082,17.9856,20.434,14.7878,20.3178,13.7704,19.7854,15.5846,23.9354,18.119,20.007,3.9008,16.0344,18.9252,16.1936,10.0444,20.027,20.4044,0.0544,13.947,21.055,14.6896,0.355,19.8826,19.8872,6.1138,16.9908,20.197,15.2512,20.1486,16.6458,0.0576,12.0948,18.5398,19.7976,20.5126,19.842,21.2804,14.7658,14.1356,20.5188,16.4448,0.6008,19.4006,5.073,19.205,20.815,10.8792,20.1964,0.0,3.2846,19.7206,16.2822,20.6198
vdn_2p_7140,6.1706,14.9678,14.829,16.5536,0.6786,17.7406,17.4582,15.2884,15.1728,14.5756,13.275,11.5598,15.1676,13.6652,3.0256,12.5052,4.216,14.8576,6.5994,3.651,15.2368,14.1768,16.064,14.9268,0.1118,15.8762,4.4864,8.3578,13.7824,4.5394,7.2512,10.3504,14.7046,11.5234,12.4418,13.6928,14.5478,15.2422,0.7514,8.6154,12.135,10.7286,16.0372,6.698,7.4756,15.3588,13.5704,14.1936,16.12,12.0314,14.9162,9.609,14.7298,19.2928,18.2828,24.1316,14.926,2.2834,12.4138,14.7004,12.7974,1.8916,14.5278,13.5854,0.2004,6.3956,16.9888,9.4174,0.2264,13.7346,14.7266,3.0694,12.8264,15.749,10.446,15.9768,12.3976,0.161,11.987,12.9042,12.4596,14.1428,17.7912,16.0846,11.9942,10.8114,17.1262,10.6158,0.5116,12.9286,5.0152,16.7964,17.1534,4.2534,12.1068,0.0108,2.3306,9.3614,12.134,13.5706
vdn_2p_711,10.9052,19.4728,16.8626,20.9198,2.3642,16.9354,18.5846,19.82,18.922,19.872,22.168,14.8222,19.1998,17.145,2.5132,18.7034,12.0222,19.3434,18.0458,5.1442,19.3062,16.4062,20.4976,17.6602,0.0904,17.1382,12.9408,17.569,18.9904,7.6,16.7638,15.7592,18.5544,16.3064,18.8246,19.304,20.2138,18.5972,0.2992,16.0572,18.8732,17.4536,17.7314,17.4438,14.8706,20.5624,19.5646,17.0246,18.757,13.432,19.9762,16.8636,19.886,13.6398,20.2776,14.9886,23.794,3.8922,18.3458,18.0634,14.1658,9.1154,18.6898,18.8648,0.0756,16.0246,20.0786,16.5436,0.0716,20.696,18.2958,5.9008,18.3076,19.0836,20.2448,20.0534,19.823,0.0614,13.3338,18.568,19.5334,20.1846,19.7732,19.3318,17.8088,19.5588,18.437,18.1904,0.2856,19.3938,6.035,19.6954,19.7808,12.8226,21.598,0.0022,4.9248,15.7064,11.1192,20.5108
vdn_op_2p_7741,0.4462,4.486,6.4782,3.1806,0.2084,2.2764,4.337,3.501,6.0034,5.0118,3.4652,4.1278,4.197,2.5912,0.3958,3.5254,1.9678,3.2354,1.8104,0.8958,6.3354,4.1074,1.277,3.2092,0.498,2.1442,0.0,1.0358,5.5886,0.5278,2.5656,2.8234,4.9592,1.9226,3.427,3.8982,3.4888,3.1938,0.008,3.0784,4.8292,2.1976,5.548,3.2022,1.2198,4.7914,4.9128,6.6856,4.6602,4.2358,5.0214,1.7172,5.9204,2.2376,3.8204,2.6092,3.7884,23.4184,4.0792,3.641,3.6568,1.2632,5.8036,4.5088,0.7708,2.1734,5.5164,2.9576,1.0356,3.4192,4.2938,1.1866,2.329,5.272,2.986,2.8204,3.1918,1.717,0.0286,2.8342,3.4986,5.1038,5.2634,4.649,2.527,3.1078,3.8426,4.719,0.9042,5.1292,12.6734,4.481,5.3302,1.6854,3.4034,0.0038,12.2582,1.8492,2.6272,5.9292
iql_2p_510,6.7124,20.8736,18.1084,18.046,1.3434,17.5688,16.6732,19.146,17.4402,18.8542,18.5134,15.2594,18.4972,16.7186,4.3682,19.6446,17.088,16.9286,17.964,3.2088,16.8306,20.2388,16.9284,14.4342,0.3312,15.4322,0.7604,18.359,16.8446,9.6638,17.8706,16.5388,17.1104,14.4308,20.8474,17.1154,18.3616,15.6814,0.5426,20.0312,20.3206,17.8018,17.545,13.6242,18.468,18.518,16.9108,16.1844,15.9016,14.4916,16.4668,15.5028,18.71,12.5028,15.7772,11.6788,17.975,3.9576,23.3824,16.6664,13.2424,4.9972,16.8196,16.6552,0.209,19.1266,17.307,18.2036,0.0792,17.9312,15.615,5.8612,18.5026,17.383,18.8752,16.1522,20.3676,10.5044,4.3378,16.1884,16.0152,17.8252,17.6674,16.5148,19.7316,19.3572,19.25,20.1026,0.3292,19.7858,8.59,15.92,17.9248,16.7202,16.6846,0.0102,3.3224,13.983,14.8702,19.0122
iql_aux_2p_8140,12.6702,20.251,18.3682,21.2744,1.8282,17.6188,21.8334,19.5052,21.8218,20.9602,18.2656,19.0536,23.0222,19.3494,5.7304,16.7502,10.3314,19.5428,16.479,6.163,20.4056,16.0994,18.9756,22.1396,0.963,22.61,5.7096,15.4932,20.7466,12.9094,17.5978,16.8186,21.1444,14.9968,19.3078,20.9394,19.0276,21.0848,0.9802,12.4726,20.1182,19.5708,22.1338,11.9022,11.261,21.3286,20.8876,16.2038,22.533,15.3764,22.6578,17.0216,21.2448,14.46,18.8562,14.4716,17.8754,4.0474,16.6454,23.889,9.9454,8.834,21.3006,21.0722,0.5808,9.9978,20.0136,18.289,0.5118,21.1586,21.7162,6.9884,20.3804,22.704,18.0358,22.6544,19.5792,0.4202,10.9734,21.1236,22.8692,22.1076,20.8458,21.1282,19.7784,18.5616,19.4006,15.128,1.7216,19.1548,5.9358,22.1198,21.1148,6.9904,20.4626,0.0154,2.6354,13.199,16.0092,21.1002
vdn_2p_720,3.8178,14.9646,14.4648,13.1002,0.2588,18.2196,14.0238,13.8704,12.3538,10.6816,12.3272,11.55,11.8448,13.0304,4.1762,9.3144,6.562,13.1756,6.9914,1.8792,13.8632,17.2368,9.6914,9.9072,0.0988,12.213,0.4436,6.1508,13.1944,3.242,6.3,11.169,13.2044,13.0408,13.4378,10.456,12.7198,11.378,0.0476,13.2054,13.1036,11.836,11.6224,4.1408,7.3304,11.804,10.4392,13.8022,12.8802,11.9378,11.5458,8.044,11.8924,15.4152,16.3222,12.2866,14.5158,3.7854,13.9,10.281,24.0174,3.4474,13.348,15.4162,0.0992,7.8738,12.5668,9.5212,0.0616,11.8782,10.4726,3.5878,10.8838,13.4228,9.5612,11.1114,10.859,4.1362,4.187,12.314,11.8858,15.3408,11.148,14.1956,12.4472,9.925,16.7862,11.3822,0.2462,11.1968,3.699,10.548,13.6016,7.4618,12.4184,0.0,2.858,12.2702,12.419,14.0926
sad_2p_2018,3.517,10.3266,6.4272,7.6078,0.0584,9.5348,7.4094,8.8086,9.9216,10.29,8.2482,4.6674,11.4798,9.9158,0.7064,8.9512,4.4746,8.6824,6.943,1.7378,11.7846,5.68,5.0622,6.9918,0.0716,8.8338,1.8982,6.8368,7.9574,6.7372,8.7708,8.116,10.9384,5.2588,13.1672,7.4632,7.6414,8.959,0.0412,6.5058,13.7764,10.3828,10.651,4.295,1.8616,7.9214,7.901,5.567,8.8218,3.1732,10.2016,6.8612,12.8522,5.7382,9.84,1.9998,9.666,1.2814,5.8506,11.747,3.9474,23.8742,9.2116,10.612,0.0602,2.397,8.6936,8.3164,0.441,10.851,8.377,0.642,9.1564,13.5582,10.941,8.2082,12.1248,0.0464,2.493,9.5754,9.5092,12.0104,12.4226,9.067,12.4482,8.284,11.5868,6.0456,1.0718,11.3832,1.6298,9.0416,12.1292,2.0844,6.666,0.0056,0.5458,5.2736,9.1546,10.0974
iql_aux_2p_840,11.8016,19.6522,18.9778,21.6782,1.6088,18.543,22.5702,18.6548,21.0372,21.0176,18.8504,17.0416,20.692,18.3222,6.5648,17.3272,10.2192,19.119,16.9446,6.5716,21.7934,16.8288,19.172,21.53,0.3144,21.291,5.2476,16.0304,21.072,10.1958,13.6866,17.3738,21.5876,17.8914,18.5526,22.0334,19.2182,21.4582,0.7084,15.8482,19.5714,17.5604,20.729,12.8246,12.6954,22.6982,21.4448,16.2258,20.8612,15.5114,20.8554,14.4532,21.306,15.7704,20.066,14.2644,18.31,5.7318,16.68,21.0416,13.5556,8.3592,23.6754,21.8468,0.7608,14.375,19.643,15.735,0.1686,20.8134,21.714,3.7864,18.0558,21.3682,17.371,22.0232,17.975,0.3502,11.1396,21.4384,19.6448,20.0586,20.725,20.2064,17.917,16.93,19.4982,15.983,0.6046,19.3336,5.6886,20.3318,20.9598,9.3844,19.7748,0.005,5.225,17.1176,14.9764,21.557
sad_aux_2p_20019,9.2336,19.0194,18.4174,21.536,1.569,18.6886,21.8908,18.6002,20.591,21.499,18.3278,17.733,20.4758,19.5424,4.594,17.9148,9.8996,18.3698,16.0492,5.8534,21.2292,17.0764,17.0182,21.2544,0.0994,21.117,6.3916,14.8442,22.1048,8.1688,14.4032,15.262,23.1456,17.978,17.844,22.939,18.286,21.3886,0.5518,16.0166,19.066,17.1488,20.2166,12.7576,11.178,21.524,21.5866,15.872,19.9472,15.2662,21.1702,11.4784,19.9,13.7822,20.3102,13.6474,18.3768,4.509,16.5782,20.9822,15.1584,10.4856,21.9272,23.6288,0.1968,13.4266,21.6468,15.0722,0.1094,21.2952,20.7896,4.6314,16.9484,21.847,17.4746,21.4264,18.1138,0.1894,9.7204,21.5368,20.389,21.4294,21.1946,21.5982,16.877,16.2414,19.5186,16.665,0.466,18.4946,4.3462,18.946,21.7992,9.8136,21.4166,0.0008,3.1588,18.1804,14.3206,20.6824
sad_op_2p_2507,0.0308,0.2126,0.449,0.0536,0.0048,0.1144,0.4762,0.2164,0.939,0.255,0.044,0.1952,0.228,0.0184,0.0024,0.0208,0.0558,0.2362,0.0038,0.3718,0.7192,0.2078,0.0356,0.1386,0.0882,0.2598,0.0048,0.0028,0.4804,0.0182,0.0122,0.0878,0.4674,0.0278,0.1872,0.2198,0.288,0.31,0.0246,0.0064,0.1132,0.071,0.2052,0.062,0.004,0.3606,0.2796,0.4172,0.5202,0.3202,0.6058,0.0244,0.414,0.0508,0.041,0.1906,0.0672,0.6672,0.1656,0.6382,0.0952,0.0696,0.8554,0.141,24.0842,0.027,0.4128,0.1578,0.0082,0.1578,0.589,0.0218,0.2328,0.2956,0.1818,0.2076,0.0494,0.0056,0.0074,0.0328,0.4464,0.4516,0.3482,0.7384,0.1084,0.1042,0.2012,0.2636,0.2556,0.1424,0.1424,0.4844,0.4332,0.0044,0.248,0.0,0.1218,0.012,0.0932,0.3386
sad_2p_2000,1.3284,16.6566,16.432,13.733,0.364,9.1896,9.935,16.0768,12.9274,17.134,15.2122,12.5518,15.3042,12.2328,1.3898,17.5382,16.9868,14.01,19.011,0.9252,14.177,16.6976,10.8454,11.2446,0.055,7.986,0.0078,19.0086,12.5062,2.737,16.2084,13.8212,12.64,16.8748,17.3826,15.3586,12.534,9.9958,0.0758,19.4922,15.7448,11.7042,11.8934,11.9844,18.4272,15.072,15.704,12.4692,12.0726,10.3396,11.0518,13.3216,16.5782,6.1524,13.9832,6.4944,15.7798,2.3472,19.5924,10.142,8.4818,2.1548,15.0592,13.5174,0.0222,23.3162,16.7024,14.2036,0.031,12.2908,9.1644,3.0536,11.7894,12.3052,14.046,9.2994,17.0358,10.2922,0.0844,13.0914,12.3334,14.1292,13.8704,12.0912,14.583,15.099,16.0136,21.3142,0.1154,18.0266,3.0794,11.1302,14.728,18.6096,14.0102,0.0,1.5682,15.8574,8.455,17.0328
sad_aux_2p_20001,8.5178,19.398,19.0234,21.8252,1.147,17.946,20.901,19.7884,21.9146,22.1684,19.273,17.8186,21.4362,19.731,4.742,18.8742,11.1554,17.6648,19.054,6.6906,21.6998,17.4314,16.8862,20.9768,0.2848,20.6316,10.0812,18.6178,21.3024,8.5812,14.865,14.7212,21.8798,20.5596,18.3896,21.4098,18.2272,21.7664,0.8974,16.2036,19.415,19.7252,19.8548,13.6796,15.1036,20.1642,22.0726,17.0524,21.2574,15.617,21.9524,13.2258,20.7868,13.3644,20.8558,16.4786,19.901,5.3286,17.1634,20.0628,12.174,8.2328,19.81,21.4854,0.408,16.5138,23.4652,16.2202,0.1648,21.7914,20.7706,5.0352,17.3152,20.9392,16.5728,21.582,18.7688,0.2076,6.7662,21.3612,22.0898,22.5446,22.5818,22.979,17.1444,16.7286,19.623,16.876,1.1798,18.6906,4.361,20.405,22.0468,12.4242,21.678,0.0032,3.5234,19.4814,12.6994,21.058
iql_2p_111,11.563,21.103,16.8636,17.038,1.0442,14.877,17.1106,19.9628,18.662,18.5376,18.4748,14.9282,19.078,16.3054,3.7952,21.2292,15.4122,16.5634,18.3138,4.3002,17.7292,17.6712,16.1432,16.429,0.3772,17.5952,6.8402,19.722,14.9388,9.2326,17.9694,16.9734,16.6498,12.2504,21.6532,18.4208,16.863,16.8504,0.6526,14.392,20.8906,21.1658,17.2824,12.8456,11.5728,16.6188,16.3738,13.8974,17.155,14.1244,17.5064,20.6666,18.8164,12.9042,14.6764,9.5788,16.4734,3.2172,18.0978,18.2574,9.6302,8.0656,15.4522,14.7544,0.1548,14.1526,16.5902,23.93,0.2204,16.8788,16.4466,7.3894,20.831,16.0726,19.656,18.6824,21.8584,0.1206,6.6172,16.5012,15.9594,17.5306,18.5074,17.4976,21.8974,19.4426,19.901,18.4732,0.4476,20.5308,8.184,16.175,17.9386,10.0992,15.3568,0.0086,1.6064,10.4276,16.5446,18.2284
sad_2p_2025,0.2226,0.4032,0.191,0.3384,0.1492,0.1152,0.178,0.2054,0.3778,0.2368,0.118,0.1294,0.4504,0.4972,0.0516,0.0424,0.0158,0.243,0.019,0.9436,0.173,0.1538,0.1656,0.1806,0.0546,0.4832,0.009,0.027,0.3482,0.1798,0.0294,0.1356,0.2022,0.2248,0.1026,0.1158,0.3436,0.1588,0.0,0.0532,0.1692,0.2002,0.3262,0.0202,0.0304,0.2958,0.1698,0.1684,0.6262,0.274,0.2808,0.073,0.2138,0.283,0.42,0.2436,0.0492,1.025,0.0868,0.4062,0.0504,0.4342,0.151,0.0912,0.0164,0.0276,0.1218,0.1958,24.0828,0.0682,0.2578,0.0944,0.1742,0.2052,0.2298,0.1632,0.097,0.005,0.0346,0.1344,0.236,0.2404,0.1892,0.1594,0.1152,0.1256,0.6752,0.1686,0.2074,0.1272,0.3442,0.3596,0.25,0.0228,0.2706,0.0,0.2872,0.0584,0.5142,0.1488
sad_aux_op_2p_25007,11.1536,19.9152,17.6044,23.0198,0.8398,18.0818,20.5342,19.953,21.6828,22.6372,20.398,15.3756,22.0432,17.7418,3.858,17.6152,9.7074,18.3502,18.5298,5.0018,21.6396,16.0054,19.6458,20.5862,0.0658,20.2812,6.6828,17.2952,21.2792,10.125,16.7802,15.6534,22.0814,17.6364,18.8236,21.8044,20.779,22.695,0.2194,15.5788,19.7402,18.1378,20.0514,15.518,14.1446,21.5178,23.2414,14.6636,21.2588,14.1128,22.0946,14.8466,22.004,14.4936,19.739,13.058,20.4644,3.384,17.921,21.03,12.2286,9.1716,21.1926,21.401,0.1594,11.9004,21.8464,16.8838,0.1428,23.7562,21.7942,5.369,18.5448,21.5924,18.5052,22.5208,19.3222,0.3974,11.0808,22.2504,21.927,21.6934,21.3486,21.9092,18.387,18.6976,19.1694,16.0378,0.3952,19.0988,3.5442,21.0232,21.4448,8.506,22.3058,0.0,2.8034,16.3494,13.494,21.77
sad_aux_2p_20024,11.449,18.8404,18.974,22.5056,2.227,17.4676,21.889,18.558,21.86,21.1284,18.0574,17.2578,21.8284,18.3528,6.301,15.2322,9.3536,18.6438,12.5838,3.6648,21.7966,14.9556,19.2326,20.386,0.5632,22.4452,4.0458,12.056,21.436,12.1324,13.9328,15.1248,21.429,12.7172,16.4516,20.8638,18.864,23.2864,0.772,11.942,18.3112,17.3468,20.8294,10.816,9.369,21.9278,21.9374,18.1226,21.8178,19.6554,23.3346,16.0378,21.3068,16.1692,19.55,14.3984,18.365,4.2852,15.6878,21.5632,10.068,7.6628,21.8986,20.5606,0.6344,8.563,20.874,16.3244,0.238,21.8328,24.1004,6.7978,19.5254,21.7458,15.8638,22.972,16.6108,0.2684,10.0268,21.4992,21.4998,20.8714,22.113,21.6276,17.4516,15.8346,18.0972,13.6952,1.7466,18.1044,7.2506,21.8116,21.3612,5.6838,20.7842,0.0022,3.929,11.361,13.5752,21.4846
iql_2p_4,5.9312,7.7114,7.2208,5.7952,8.5046,4.7206,6.2146,8.1958,6.5388,6.0038,6.7944,3.6328,8.365,4.14,6.5262,5.701,4.4884,6.3644,2.6492,3.665,5.8748,8.228,3.0786,3.672,0.093,5.3524,0.1182,2.613,8.0652,4.7136,2.6008,4.5214,6.3908,2.1892,6.9252,4.5026,4.178,5.4284,0.0838,3.9942,7.2072,4.2014,9.2864,1.9038,2.271,7.2286,5.1104,4.2694,6.8948,6.213,6.1534,3.1176,6.3392,4.1358,6.0234,3.1542,5.6728,1.2516,5.9774,6.6024,3.7392,0.621,3.8852,4.7832,0.024,3.116,4.7784,7.617,0.1192,5.414,6.9932,23.5898,6.4766,6.9562,5.7998,5.2294,6.5264,0.7768,0.4642,4.9862,3.3658,5.368,7.9986,4.9586,7.1732,5.0658,6.4446,7.459,1.3324,7.1234,2.584,6.6716,6.4826,1.8936,3.6498,0.0294,1.4776,1.8258,5.5726,6.55
iql_op_2p_6140,13.7782,21.899,18.2588,19.4466,2.0028,15.9232,20.2212,21.1652,20.2234,18.6432,19.7464,18.2788,20.716,17.9998,3.9626,19.2258,16.705,20.3418,16.5356,5.5638,19.4294,17.6366,18.3508,17.3888,0.728,20.936,6.8692,16.4972,17.5466,12.531,18.0972,18.1746,18.7926,11.5004,21.4782,19.1126,19.2238,19.6218,0.4052,12.8436,21.3076,21.5182,18.61,14.3642,11.9174,19.3126,17.8828,18.0242,19.6904,16.1208,20.9248,21.1438,20.4112,12.8202,17.1878,13.3996,18.715,2.5878,18.7336,20.735,11.54,9.0078,18.4184,17.2284,0.2044,11.7084,17.7284,20.9648,0.1904,18.9946,19.8202,6.444,24.078,18.5922,21.3002,21.898,21.371,0.088,11.4254,18.1406,19.0112,20.1316,19.8844,19.5396,22.622,19.666,20.4024,18.811,0.9654,20.4548,9.5076,18.4352,19.185,8.8486,17.6296,0.02,2.3056,10.5906,17.6264,20.1568
vdn_aux_2p_910,11.4814,19.0754,19.2354,21.7338,2.0474,18.7916,21.6346,18.9046,21.132,21.1558,18.9442,18.6858,22.0326,19.1938,5.6304,16.1744,9.6316,18.6894,15.6822,5.0076,20.0402,16.0346,19.3224,22.3298,0.448,21.7224,6.6466,14.5106,21.5504,11.2888,17.054,15.787,21.3884,16.6812,17.862,20.9422,19.7988,21.1994,0.5154,14.9378,18.8844,17.7468,22.208,12.4276,11.2602,21.7714,21.295,17.9678,22.1404,17.353,22.1158,14.7732,20.537,17.8962,20.0854,15.6336,18.9032,4.9694,17.4712,22.7588,13.4908,12.808,21.509,21.7428,0.3652,12.0674,20.9606,15.8814,0.1988,21.6308,21.8146,6.7516,18.2512,23.5636,16.6848,22.0426,17.8616,0.2746,12.8808,21.0316,22.4408,21.4422,20.9946,20.9436,17.3314,18.0024,19.2282,14.8892,0.9434,18.8916,6.1714,21.8224,21.1424,9.6338,21.4158,0.0042,5.2716,15.0078,14.3966,21.152
iql_2p_288,13.175,20.8388,16.1952,18.4544,1.3146,15.4472,17.453,20.9472,18.2892,17.4212,20.5108,15.9942,18.3088,14.9662,3.4532,19.278,16.3226,17.4802,16.8856,3.4862,17.8032,16.6562,18.021,14.523,0.5522,16.9352,6.8126,16.7946,16.759,12.9092,19.2272,16.9454,17.024,11.4012,21.871,18.3156,18.6576,17.065,0.505,16.146,21.1574,18.9494,15.4116,18.3312,14.0546,17.861,17.5808,14.8716,16.666,13.3132,17.9902,19.282,18.0316,13.2296,14.96,10.5814,20.2232,3.0156,18.9804,18.0948,9.5926,10.6604,17.6354,17.6508,0.1486,13.6302,16.7814,19.8248,0.2398,18.7558,16.2602,5.7456,21.1752,16.7156,23.7838,18.7956,21.4884,0.3026,11.2464,17.1888,17.8172,19.234,17.499,17.7196,21.9874,20.4362,19.6586,19.5282,0.3614,19.5224,7.6698,16.3516,17.7256,10.0388,18.2408,0.0122,2.9428,10.861,15.4794,19.0716
sad_aux_op_2p_2,12.0054,20.4364,17.7922,23.028,1.2366,19.1184,23.1236,20.4614,22.5648,21.4794,20.0042,18.673,22.7428,18.6082,5.187,17.1064,10.3434,20.6196,15.0616,6.4194,22.3558,15.4974,20.466,21.119,0.307,23.5046,4.2772,14.7116,21.4326,12.1696,14.4366,16.7628,22.0828,14.5828,19.5014,22.0196,20.1684,22.5344,0.6598,12.1634,20.4364,20.5218,21.3036,14.0192,11.245,22.2988,22.143,16.7616,22.7828,15.5356,23.416,17.729,22.1744,15.2272,20.1546,15.6432,19.7052,2.9318,16.4354,22.6186,11.0012,7.0154,22.0458,21.2592,0.2474,9.0226,21.5402,18.3246,0.1376,22.3592,22.8516,4.9036,21.7148,21.8734,18.712,24.2358,19.8224,0.4064,10.2196,22.1918,22.2518,22.3286,22.4252,22.1904,20.1388,18.7058,19.98,14.8714,1.0232,19.691,5.8124,22.0462,22.3466,6.0158,21.4108,0.007,2.597,13.5044,15.721,21.941
vdn_op_2p_77112,11.5718,21.6118,17.9758,19.528,1.0422,15.9564,18.3848,21.6588,20.3826,20.3448,21.1402,16.8122,20.3288,18.2506,3.3574,21.6702,17.9608,19.0226,21.4178,4.5998,19.1428,18.7576,18.5644,18.279,0.205,18.605,8.774,21.2864,17.4948,10.526,20.7284,19.072,18.6132,15.357,22.9458,20.3096,19.1186,18.615,0.27,15.5964,22.5608,21.458,18.4108,15.4556,14.8654,19.2076,19.0862,15.3798,19.1604,13.4478,19.226,21.0138,20.676,12.5756,16.7372,12.5912,19.9616,3.2612,20.5812,19.7714,11.2966,11.7802,18.4684,18.2402,0.0412,16.931,19.0356,21.9686,0.0918,19.6072,17.3042,6.5714,21.3984,17.9158,21.6984,20.0424,23.639,0.139,10.9878,18.3314,19.0988,19.8484,19.6176,19.4288,22.4274,21.2474,20.7418,20.0028,0.4454,21.9594,7.756,17.9586,19.4448,12.932,18.7208,0.0,1.6834,13.5648,15.8032,20.603
sad_op_2p_2,0.0338,5.5762,5.2016,0.4194,0.0294,0.0998,0.5504,0.2576,1.0708,0.344,0.136,0.3946,0.3624,0.1302,0.691,0.1836,0.0662,0.2102,1.0276,0.0928,0.5538,9.6276,0.2998,0.8588,0.002,0.186,0.004,0.0776,0.3942,0.0674,0.1498,0.1092,0.4366,0.2202,0.1256,0.7508,0.3522,0.416,0.02,9.347,0.141,0.266,0.302,0.2434,7.4332,0.2388,0.6624,5.6998,1.406,1.8064,0.411,0.0668,0.2498,0.0358,0.083,0.1414,0.1432,1.5564,10.5284,0.6042,4.7312,0.0576,0.466,0.3292,0.0,10.0634,0.3602,0.1658,0.0036,0.4938,0.3076,0.805,0.1424,0.44,0.3478,0.4624,0.1624,23.8396,0.0988,0.1256,0.8286,0.3846,0.2642,0.8972,0.3042,0.17,0.4594,11.7484,0.016,0.1758,4.052,0.76,0.3376,9.9868,2.0906,0.0,1.5084,0.0538,0.056,0.9216
sad_2p_2024,2.6136,5.5948,3.289,12.0468,0.0146,15.2154,11.7066,12.2806,10.4116,7.2894,13.6312,4.2516,9.7612,8.1728,0.1762,5.9644,6.7354,11.7136,5.6902,1.1114,10.909,2.992,15.1464,7.101,0.022,8.7532,1.4634,4.4506,11.5616,2.8986,7.603,7.2718,11.001,6.5256,12.1326,8.5456,10.4318,8.8474,0.0146,2.6622,11.3228,8.537,10.3114,2.6106,1.8744,13.2774,8.3896,4.2864,9.6096,1.4522,10.3096,5.4032,10.7484,9.3794,12.3176,12.2958,13.9014,0.054,5.8648,10.489,5.6676,2.3736,11.2218,10.0152,0.0148,0.1194,6.5484,6.328,0.0328,10.5404,10.7444,0.4684,11.2196,12.7854,11.1016,10.8814,10.4528,0.1186,24.1248,6.192,10.6346,12.4316,10.2568,11.1884,11.255,12.069,13.1302,4.1544,0.2526,11.2444,0.3574,10.1724,9.6638,0.0532,15.2868,0.0004,0.0658,5.0788,6.651,10.8
sad_aux_op_2p_25006,12.5656,19.2508,18.6154,21.8644,1.4356,16.87,20.5862,18.9018,22.1162,21.6438,17.533,16.4058,22.25,19.041,6.3274,18.6666,10.513,18.1236,15.9772,7.9628,21.8018,17.0492,16.5758,20.5726,0.0952,20.4602,4.2398,15.1374,19.9266,11.5214,14.926,16.1964,22.321,15.6436,17.9078,21.6092,18.2416,21.7488,0.34,14.7376,19.5444,18.6818,20.3378,13.3474,10.0712,21.1208,21.6154,13.6306,21.402,15.132,22.1184,13.6058,21.798,8.4666,18.4076,12.109,18.0514,2.7222,16.3008,20.8638,12.828,9.8516,21.8674,21.4946,0.0436,12.7278,21.3196,16.6428,0.1286,22.216,21.4654,4.8238,17.7182,21.0762,16.8992,21.9854,17.7448,0.111,5.7234,23.7528,21.358,21.8998,21.7342,21.7668,17.5344,16.2596,19.4342,16.6518,0.4658,18.8152,4.319,20.0512,22.0766,10.137,20.3704,0.0032,2.6312,14.9972,13.5818,21.5162
sad_aux_2p_20025,10.5884,20.2404,17.1756,21.8008,1.1248,17.5854,20.9064,19.1186,22.181,21.8002,19.0224,17.3662,23.2804,19.1354,4.4316,18.3846,10.1136,18.5228,17.6348,6.6298,20.7864,15.5232,17.9052,21.543,0.238,21.6362,6.4702,16.5492,20.1662,10.1928,14.429,15.572,20.7624,17.1636,18.9458,19.8948,20.0854,22.1452,0.4532,13.8126,20.137,18.8182,21.3682,14.3018,13.262,20.9594,21.8806,15.597,23.0218,12.4414,22.5784,14.7886,21.6846,14.2178,19.5586,11.6918,19.2856,3.4866,16.2464,22.9806,12.033,7.5482,19.7214,20.3926,0.444,12.1458,22.1496,15.7108,0.2168,21.873,21.523,3.8052,19.0304,22.3776,17.6814,22.2526,19.0264,0.4014,11.1238,21.2508,24.028,23.0168,21.5734,22.5736,18.4004,18.4542,18.9846,15.939,0.5816,18.3874,3.1004,22.4928,21.749,7.5748,21.7862,0.0002,2.7378,15.1736,12.8708,21.6298
vdn_aux_2p_9111,11.4992,20.486,18.5216,21.4576,1.5186,19.23,21.7328,20.0236,21.951,21.2776,19.203,18.9986,22.6724,19.8594,5.8668,18.7048,11.7464,19.4576,17.8486,7.1568,21.873,18.0048,17.9296,21.0822,0.3646,21.8372,7.3218,17.2644,20.6438,11.5678,16.2352,17.6034,21.6412,17.8918,19.3182,20.8756,19.7666,21.6238,0.8306,15.908,20.7716,19.9266,21.1132,15.9962,12.9946,20.4654,21.6256,17.8694,22.5286,16.6134,22.844,16.5696,21.2192,15.779,20.251,14.138,20.0044,5.2074,17.7124,22.0314,14.4832,11.188,20.018,21.4352,0.483,14.0998,22.4306,17.6424,0.209,21.7634,20.8782,5.7466,19.8166,21.446,18.9912,22.4466,19.7488,0.378,13.1276,21.8952,23.1488,23.7694,22.0838,22.8528,19.6378,18.0768,20.165,16.682,1.061,18.8004,6.0922,21.6204,22.7454,10.6814,22.334,0.0082,3.681,16.8822,16.6316,21.602
vdn_aux_2p_911,12.1452,20.0948,18.9568,22.1308,1.664,17.617,21.661,19.7944,22.736,21.663,19.6338,18.886,21.7888,19.9898,6.0366,18.9864,11.9572,18.7614,16.8044,4.4004,22.638,16.88,18.848,20.9678,0.5108,21.8152,8.876,16.9452,21.3948,11.738,16.273,16.8138,21.6162,16.4274,19.0216,21.9238,19.0248,21.5626,1.1724,15.6056,20.1594,21.1642,21.032,13.5226,11.941,20.9246,21.7252,18.1226,22.0732,17.5308,22.4044,16.807,21.3298,17.062,19.9728,17.4104,19.605,5.211,17.4642,20.9972,10.915,12.1082,20.8664,21.1256,0.3384,13.5236,22.659,18.6224,0.1524,21.4418,22.1644,8.2102,19.5958,20.9988,17.537,22.4306,19.415,0.264,10.9388,21.7608,21.6278,22.0994,23.5188,22.4136,19.0302,17.7414,19.3586,16.4822,1.474,19.7374,7.2586,21.7822,21.937,9.8,21.0254,0.0124,3.7572,15.051,15.1616,21.7382
vdn_aux_2p_9142,10.6266,20.3292,18.585,21.7072,1.9484,19.1926,21.6008,19.9708,22.7628,21.7364,18.2788,17.3914,21.8128,20.66,5.6768,19.3796,10.1158,18.6782,16.7792,7.7252,22.1108,17.1648,17.3784,22.0544,0.354,21.8542,6.4484,15.8204,20.37,10.0116,15.6654,16.7752,22.3004,18.2694,18.9694,21.656,18.8434,22.7462,1.3854,13.6224,20.1632,20.6068,20.1684,13.0574,11.3326,19.9082,22.0926,17.3176,22.3208,14.766,22.582,15.2612,20.7916,15.7228,21.0516,15.6064,19.1384,4.3764,16.3296,21.1126,14.1172,8.3524,20.2602,21.6168,0.7672,12.1066,23.023,17.6254,0.2406,21.9538,21.4338,5.029,19.1032,20.9116,17.968,22.304,19.292,0.593,11.8354,21.9504,22.7592,22.9314,22.4826,24.1144,18.5194,16.5792,20.4304,16.275,1.2408,18.9612,4.4164,20.7774,22.2406,5.9794,21.6022,0.0094,2.6802,17.388,16.3614,20.8402
iql_op_2p_700,13.7436,22.218,18.298,18.6698,2.2572,16.0164,18.7758,21.3454,20.2754,18.8796,19.2476,17.9732,20.6252,16.891,4.48,20.4058,18.6744,19.571,17.9332,4.9458,19.3352,18.5822,17.8084,17.301,0.7398,19.4826,6.736,18.3376,16.957,12.6986,19.0382,20.0104,18.0132,12.615,22.592,19.5698,19.3844,18.4932,0.3878,14.87,22.1598,22.2518,18.371,16.159,12.8432,18.5044,17.7056,15.2534,19.0758,15.7552,19.2394,21.339,20.728,11.2524,15.06,12.3952,18.1064,2.86,19.8876,20.0506,12.5318,12.566,18.2868,17.0576,0.1012,14.4614,17.589,22.0108,0.1372,18.7928,17.6702,7.2444,22.6244,17.5158,21.983,20.189,22.4774,0.2472,10.9802,18.3006,18.7632,19.9414,19.331,18.7716,23.995,20.8186,20.7572,19.8858,0.7718,20.9202,9.765,17.5466,19.5084,11.1172,17.299,0.0538,2.3108,11.2036,19.731,19.9914
iql_2p_488,10.981,20.994,17.1322,18.5984,0.8218,15.2732,16.5216,17.8758,18.072,17.9272,19.9818,15.9426,18.8512,14.0584,2.9796,17.0882,13.0756,16.3446,15.764,3.9272,17.463,16.7986,17.5942,15.841,0.2778,17.0646,9.1528,16.3268,16.1666,7.5172,18.118,16.8394,16.6996,9.9706,21.3616,16.9606,19.8544,17.335,0.184,15.4864,21.0664,19.4842,16.7168,15.3488,15.0778,17.6672,16.6514,13.842,16.8732,13.4118,17.9012,17.6538,19.2838,13.1112,13.9268,10.9794,19.5832,3.2594,19.2442,18.7952,9.8096,8.103,17.0862,16.4978,0.1266,14.4714,16.7588,19.3938,0.148,18.888,16.0882,4.6482,19.6922,17.9308,20.1328,18.8336,20.8822,0.1658,11.145,16.4744,18.614,18.213,18.0954,16.6682,20.8432,23.6358,18.6686,16.8202,0.5056,19.3856,8.7652,17.0318,17.8322,14.3662,16.547,0.0,3.1326,9.2716,13.9122,18.2012
iql_op_2p_612,11.4884,21.0722,18.4216,19.288,2.4164,21.4594,20.2594,21.9084,20.1402,19.5952,18.2076,17.4698,20.5946,20.3936,5.6508,19.0732,16.2672,19.6696,17.5048,6.7506,19.528,20.0318,17.8948,19.4352,0.5072,20.724,6.246,17.6712,18.33,11.0882,16.9188,20.6646,19.8062,19.4684,21.3238,19.803,18.5836,19.5996,0.9664,17.041,20.9202,21.084,19.7628,13.5604,12.3302,18.9882,18.5188,16.261,20.1748,15.6652,19.4742,19.1658,20.6332,16.2614,20.2282,17.232,18.3608,3.8708,19.251,19.4218,16.5156,10.8394,19.4238,19.4706,0.1748,15.5968,19.856,19.8784,0.7142,19.195,18.0222,6.5668,20.0126,19.025,19.823,19.921,20.5276,0.4054,13.5798,19.2802,19.2154,20.2934,19.6522,20.6078,20.8322,18.7016,23.5472,18.3484,0.5056,20.3166,7.6676,18.2542,20.9308,9.4094,18.6184,0.0192,3.2334,18.1858,21.43,20.4896
iql_2p_310,7.2686,19.633,17.8196,16.562,1.6904,16.034,15.7452,19.2532,17.8448,17.6994,19.4018,15.6898,17.2862,17.1288,4.474,20.102,17.5536,16.338,19.2258,4.4182,17.3162,19.581,15.2682,13.4168,0.3464,14.4714,0.9094,19.676,16.608,9.6266,15.8018,17.5816,16.511,16.488,20.381,17.768,15.6974,14.8216,0.7878,20.3998,19.8258,17.0378,14.9566,15.0162,17.8676,16.4058,16.4816,16.0618,15.7084,14.8414,16.1296,18.2248,17.3152,12.7104,16.6664,9.9828,18.0514,5.0558,20.1714,15.2608,11.532,5.8336,16.4084,17.2446,0.204,21.269,17.5082,18.4054,0.2318,16.3054,14.1534,7.6008,18.861,14.9816,19.4992,14.9738,20.1314,11.2424,2.8216,17.076,15.8838,17.2654,17.0306,16.6686,19.7882,16.8984,18.392,23.3486,0.367,19.9626,7.8152,14.5756,16.1786,15.64,15.4998,0.008,3.0664,15.5642,15.4146,18.7174
vdn_2p_7141,1.0428,0.8902,2.2254,0.8008,1.01,0.6374,1.729,0.8364,1.4516,1.0392,0.5274,0.978,1.2874,0.2954,1.8666,0.2862,0.2168,1.1198,0.14,0.8056,1.303,0.5692,0.3724,0.7184,0.0988,1.314,0.0338,0.0612,1.5458,0.4322,0.213,0.2804,1.319,0.1008,0.7246,0.559,0.9624,1.3724,0.0236,0.1818,0.8112,0.3382,2.1138,0.1934,0.1246,1.3576,0.895,1.1158,1.2524,2.0002,1.6602,0.1522,1.1248,0.3308,0.607,0.6462,0.2656,1.0736,0.3704,2.1232,0.4496,1.1452,0.8984,0.6564,0.3082,0.0942,1.181,0.48,0.193,0.4134,1.7998,1.3888,0.914,1.3138,0.3686,1.189,0.4858,0.014,0.2908,0.638,0.7116,1.207,1.7402,1.4708,0.7982,0.565,0.4626,0.3998,23.8958,0.537,0.684,1.5806,1.6052,0.0584,0.6092,0.0226,0.795,0.1486,0.6676,0.5698
vdn_2p_710,11.435,21.2746,17.7696,19.224,1.0262,16.711,19.125,20.3182,20.0162,20.4966,20.8776,16.0276,20.0422,20.1636,3.0826,21.4474,17.5122,18.9598,20.6922,5.655,18.935,18.8,18.2272,19.1242,0.3158,19.5558,9.5842,20.9892,18.0152,9.1794,19.6798,19.076,19.0328,17.3462,22.039,20.673,17.7632,18.9574,0.7942,17.8306,21.651,20.5018,19.5584,12.2236,12.2874,19.708,18.6946,16.3474,18.883,14.0362,19.342,20.3096,20.442,14.1404,19.3828,12.6446,19.315,5.206,19.9044,19.1688,11.3756,10.523,19.3392,18.6154,0.1324,17.814,18.7328,20.5464,0.1774,19.306,18.2218,7.4314,20.3532,18.8712,19.5156,19.8168,21.8596,0.1506,11.0292,18.8774,18.6168,19.0716,19.7796,19.2612,20.6842,19.458,20.3878,19.995,0.4582,23.723,7.8598,18.0396,19.2838,12.8584,18.521,0.0,2.7352,15.9546,16.0788,20.7576
vdn_op_2p_7771,1.9226,8.9268,9.4986,4.9854,0.5164,6.1556,6.0598,7.3072,6.2908,4.3878,7.2114,6.3592,6.942,4.8706,1.818,5.432,6.409,6.9662,2.4014,0.9314,7.9524,8.9758,4.6216,2.3224,0.2148,5.791,0.0072,3.4906,6.1184,4.0406,5.358,6.1072,6.2184,1.6276,8.9848,3.2448,6.2266,4.1572,0.0574,6.7308,8.9516,5.4962,7.1592,5.3488,3.5884,5.9964,4.4304,8.5046,5.3736,7.9584,7.2532,8.3682,5.7656,7.1642,5.049,5.1194,6.1808,13.0012,8.8648,6.0128,4.0088,1.713,5.481,4.5588,0.1396,3.0816,4.3476,7.7232,0.3358,3.3688,7.5536,2.5062,8.9326,6.0782,7.4958,5.5502,7.6402,4.1306,0.2468,4.6268,3.2896,6.1842,7.153,4.3136,9.682,9.3516,7.4674,8.3408,0.7272,7.9844,23.8836,5.2592,5.4382,2.4766,3.4016,0.008,13.573,1.571,5.6924,6.042
iql_aux_2p_8141,11.7736,18.6618,17.4454,22.0782,1.8582,17.3992,21.8766,18.68,22.3272,20.1736,19.1784,17.874,22.2462,16.8702,5.4528,15.802,8.5514,18.3968,14.6184,6.5992,21.2294,14.6288,20.362,20.4414,1.1168,21.3394,7.5494,13.7412,20.0412,10.8562,15.1812,15.3572,19.6756,14.4942,17.4874,19.2538,20.2358,20.751,1.0344,13.1106,18.4036,17.9976,21.6058,12.0126,11.9678,22.0352,20.8906,17.0786,23.3034,15.3768,21.8638,13.7886,21.7298,17.465,19.0582,16.7488,19.3704,4.485,15.917,21.8732,10.2672,8.1886,20.5962,19.377,0.5726,10.5174,20.6694,16.0898,0.3762,21.0004,21.7496,6.6624,18.2162,21.7384,16.198,22.2466,17.7284,0.5026,10.792,20.2028,22.4656,21.5784,21.8226,20.9418,17.4836,16.9868,17.907,14.654,1.317,17.9082,5.5416,23.9086,21.2432,7.7214,21.0806,0.0122,3.3912,12.1942,13.0758,21.9396
iql_aux_2p_841,11.2108,20.4346,18.9058,21.3018,1.7272,19.2536,22.187,19.9062,21.034,21.2684,17.9832,18.67,22.2838,19.992,6.5544,16.6544,11.015,18.6768,16.9004,5.9254,22.0232,18.2246,18.193,19.9504,0.246,21.7006,6.556,15.7024,20.8622,9.5142,14.3942,17.9054,21.6034,18.3676,19.4358,21.1638,19.548,21.6774,0.6502,14.5466,20.2932,20.5372,20.8966,11.7758,13.1042,21.2284,21.4266,16.7814,21.827,16.1266,22.2536,14.9844,21.7052,15.6312,20.376,16.3346,18.8696,4.8652,17.5064,20.7732,12.665,9.8858,20.794,21.6274,0.4408,13.9658,21.65,17.2004,0.3056,21.1644,21.2054,6.4056,18.7726,20.8488,17.1778,22.1232,18.861,0.2676,10.2336,21.818,21.5806,22.614,21.6772,22.1604,18.9326,16.9664,20.7262,15.3002,1.1904,18.6322,5.4718,21.0056,23.794,9.3138,22.1236,0.0012,3.293,16.9086,17.076,21.906
sad_2p_2019,0.4762,13.9464,12.9682,6.1408,0.1858,7.8856,5.9566,9.01,7.9554,12.9656,11.5816,10.7264,10.797,8.1772,0.5898,13.8764,8.651,9.0292,11.5632,0.4768,10.6104,14.6116,3.8638,4.8942,0.0178,5.9124,0.0,18.0126,7.6084,1.0054,14.5436,8.3362,11.0196,9.3668,11.8206,5.322,10.627,6.8782,0.0206,18.173,12.4078,8.333,7.9984,8.4178,15.7386,9.4792,6.6,9.0006,6.7584,7.6882,8.266,11.291,14.9814,5.0436,10.94,4.4728,12.7216,1.7304,17.3166,7.7312,8.0116,2.1818,10.0972,9.9286,0.0114,18.4452,12.5342,10.2892,0.023,9.2472,6.2482,1.8646,9.152,10.1604,10.2528,6.357,12.9698,10.1766,0.029,10.2516,7.7604,11.0346,9.7358,5.9182,11.372,14.5706,9.9888,16.05,0.0754,12.7118,2.5784,8.1976,9.789,23.4486,7.9384,0.0,1.772,8.4004,6.4842,10.5968
sad_aux_2p_20018,9.2036,18.8672,16.3566,22.5184,0.8462,18.6262,21.4938,19.1164,20.1132,21.534,20.2418,15.071,21.27,17.9294,2.8816,17.8056,10.0182,18.5434,18.141,5.4558,21.2048,14.7328,20.9184,19.1318,0.1378,19.6414,7.5662,17.5432,21.077,8.1374,17.0068,16.2218,21.469,18.1276,17.8558,21.0294,20.1112,21.5792,0.803,14.8872,19.3128,16.112,20.0162,16.6242,14.687,21.497,21.9336,15.668,21.027,12.6338,21.8626,13.104,20.8922,15.9078,20.2714,11.9456,21.5602,3.2726,17.0446,20.5398,12.5586,5.778,20.193,21.5064,0.2674,14.0502,21.5652,15.3976,0.3224,22.268,20.8478,4.0232,17.2926,21.2912,18.0908,21.6902,18.4346,1.385,15.8456,20.723,21.8684,22.4508,21.0772,21.5512,16.9662,16.3148,18.5732,15.4978,0.5452,18.4108,3.5154,21.2072,22.4688,8.2472,23.6906,0.0026,2.6296,18.0768,12.494,21.8702
sad_op_2p_2506,0.002,0.0144,0.0252,0.0,0.0,0.005,0.0078,0.006,0.0294,0.0,0.0014,0.0238,0.0,0.0,0.0962,0.0,0.002,0.0172,0.0,0.0016,0.0026,0.0098,0.0,0.0,0.0468,0.0186,0.0,0.0,0.0038,0.0,0.0,0.0,0.0018,0.0,0.0234,0.0,0.017,0.0,0.0,0.0006,0.0034,0.0064,0.0044,0.0,0.0,0.0,0.0,0.107,0.003,0.0038,0.0048,0.0,0.0,0.0366,0.0032,0.0068,0.0024,0.0008,0.0084,0.0216,0.0022,0.0038,0.0,0.0018,0.0,0.0,0.001,0.0154,0.0,0.0,0.0,0.0192,0.0122,0.001,0.0098,0.0096,0.0,0.0,0.0,0.0,0.0008,0.004,0.0088,0.0044,0.0508,0.005,0.0142,0.0098,0.0198,0.0,0.001,0.005,0.0008,0.0,0.001,23.2884,0.0,0.0,0.028,0.0
vdn_2p_725,0.9654,3.417,4.7778,4.189,0.1438,2.3392,2.8072,2.8386,3.592,3.4098,3.761,3.1342,3.2034,1.6426,0.7364,2.13,1.7854,3.6086,0.9922,1.3466,4.8432,2.9612,2.764,2.489,0.0452,2.0278,0.0,1.3946,4.58,0.9248,1.911,2.5854,3.081,1.1588,2.5906,2.1488,4.509,2.4824,0.0182,2.373,3.459,1.4096,4.1612,5.062,2.1564,4.3604,3.0238,6.128,3.5714,3.3274,3.8142,1.7202,4.2682,2.8772,3.4582,2.2776,5.3324,12.3678,3.5068,2.8074,2.7542,0.483,5.285,3.2426,0.1316,1.4712,3.6012,1.6816,0.3364,2.6886,4.5626,1.4026,2.3156,5.3492,3.0456,2.8588,1.5998,1.5918,0.0542,2.6746,2.786,3.7448,3.738,2.8164,2.26,3.2546,3.2788,3.029,0.8132,2.8006,12.9772,3.4502,3.7286,1.7188,2.6666,0.0,23.7284,1.1886,1.6784,4.5118
sad_2p_2001,3.1812,13.9038,13.264,15.944,0.1504,19.229,15.4642,16.6686,14.9866,17.8836,13.2568,8.5714,14.6494,16.8094,1.0408,15.1126,8.8238,15.4656,17.6188,1.7782,15.844,15.6862,13.8178,16.481,0.0214,13.8272,5.8714,16.7674,16.4424,2.0052,12.7012,13.1264,18.053,21.6452,13.2618,18.262,13.9398,15.8922,0.0456,13.5866,13.952,12.1898,12.2746,8.3066,9.891,16.7626,17.6298,9.556,14.4484,8.5386,14.1162,7.9308,16.5124,8.5956,19.6474,9.436,15.7558,1.9766,14.9148,13.3782,12.596,5.4882,17.8302,18.0802,0.0052,15.933,19.4824,10.823,0.0496,16.5704,12.2168,2.0186,10.5,15.0112,11.3414,13.9074,13.7192,0.055,5.7888,15.3164,15.3756,17.0914,14.9502,17.5018,10.9836,9.9968,18.4536,15.7592,0.186,16.1784,1.7506,12.4032,17.891,8.5766,18.3114,0.0,1.2482,23.553,10.9942,17.4246
iql_op_2p_710,8.9472,18.4894,15.3378,13.2,1.5892,19.5522,16.8874,18.0474,16.1042,13.3034,10.7968,13.1862,16.4466,17.9346,4.6766,13.8532,14.6976,16.6328,9.2368,3.995,14.761,18.6704,12.018,14.4992,0.7276,18.6462,2.9838,9.4856,12.1262,8.018,10.3268,17.3474,15.9134,12.5056,18.4754,14.189,12.4962,14.8716,0.554,8.322,17.1966,18.1104,16.0272,7.5198,5.2236,12.647,12.2054,12.3784,16.281,13.2144,14.8724,15.6192,16.0756,13.039,16.1106,11.9968,10.8176,2.4864,14.9198,15.9996,12.3564,8.6008,14.7632,14.0058,0.0996,8.1616,12.2308,16.585,0.4452,12.988,13.6998,5.4166,17.4514,13.9022,15.2448,15.6704,15.688,0.0748,6.6604,13.546,13.1134,16.3604,14.2988,16.7192,19.5378,13.9436,21.3948,14.992,0.5836,15.7622,5.7078,12.559,17.4236,6.1178,12.4684,0.037,1.6576,10.7704,23.86,14.8262
sad_aux_2p_20000,11.054,21.1744,19.0772,22.2788,1.5742,18.2328,21.9376,20.418,21.6846,22.5444,20.6012,18.4204,22.4432,20.5572,4.3808,19.5918,15.0808,19.6614,20.055,7.4182,22.143,18.3692,20.5896,20.4446,0.4508,21.1168,6.1416,19.3238,20.7216,10.987,17.7456,19.1428,20.583,18.7332,20.5206,21.1608,20.183,21.6908,1.3056,17.9146,21.067,19.47,21.456,16.2822,14.0514,22.611,22.0246,17.6,22.4034,16.466,21.6832,17.1786,23.075,13.401,20.4162,13.6594,20.4558,5.7388,18.9078,20.9588,13.465,9.2468,21.7304,20.7012,0.3426,17.1042,21.1382,18.3678,0.1504,21.786,21.5634,6.824,19.849,21.075,19.0188,22.107,20.6572,0.815,11.187,21.589,21.6396,21.5438,21.747,20.9252,19.7636,18.3054,20.4586,18.4648,0.6944,20.7162,6.0844,22.0692,22.0686,10.8156,21.9116,0.004,4.071,16.7124,15.298,23.5422
